site,aru_site_name,date,surveyor,time_start,time_stop,species,behavior,distance,detection,using_habitat,sex_age,plant,plant_interaction,second_bird,after,recorded,temp_local,temp_atmospheric,wind_code,wind_local_avg,wind_local_max,wind_atmosph_avg,wind_atmosph_max,rh_local,rh_atmos,cloud_type,cloud_cover_fog_elev,precip,breeding_flag,species_notes,checklist_notes,minutes_3_5
Ellwood,EW_01,2025-06-18T00:00:00Z,"Santiago Lupi, Toby Fowler",08:31:00,08:36:00,Yellow Warbler,S,NA,S,NA,NA,NA,NA,NA,NA,NA,66,NA,1,NA,NA,NA,NA,NA,NA,NA,0,0,NA,NA,NA,NA
Ellwood,EW_01,2025-06-18T00:00:00Z,"Santiago Lupi, Toby Fowler",08:31:00,08:36:00,Acorn Woodpecker,C,NA,C,NA,NA,NA,NA,NA,NA,NA,66,NA,1,NA,NA,NA,NA,NA,NA,NA,0,0,NA,NA,NA,NA
Ellwood,EW_01,2025-06-18T00:00:00Z,"Santiago Lupi, Toby Fowler",08:31:00,08:36:00,Spotted Towhee,C,NA,C,NA,NA,NA,NA,NA,NA,NA,66,NA,1,NA,NA,NA,NA,NA,NA,NA,0,0,NA,NA,NA,NA
Ellwood,EW_01,2025-06-18T00:00:00Z,"Santiago Lupi, Toby Fowler",08:31:00,08:36:00,Bewick's Wren,S,NA,S,NA,NA,NA,NA,NA,NA,NA,66,NA,1,NA,NA,NA,NA,NA,NA,NA,0,0,NA,NA,NA,NA
Ellwood,EW_01,2025-06-18T00:00:00Z,"Santiago Lupi, Toby Fowler",08:31:00,08:36:00,California Towhee,C,NA,C,NA,NA,NA,NA,NA,NA,NA,66,NA,1,NA,NA,NA,NA,NA,NA,NA,0,0,NA,NA,NA,NA
Ellwood,EW_01,2025-06-18T00:00:00Z,"Santiago Lupi, Toby Fowler",08:31:00,08:36:00,Anna's Hummingbird,S,NA,C,NA,NA,NA,NA,NA,NA,NA,66,NA,1,NA,NA,NA,NA,NA,NA,NA,0,0,NA,NA,NA,NA
Ellwood,EW_01,2025-06-18T00:00:00Z,"Santiago Lupi, Toby Fowler",08:31:00,08:36:00,Chestnut-backed Chickadee,V,NA,V,NA,NA,Fraxinus uhdei,Foraging on shamel ash,NA,NA,NA,66,NA,1,NA,NA,NA,NA,NA,NA,NA,0,0,NA,NA,NA,NA
Ellwood,EW_01,2025-06-18T00:00:00Z,"Santiago Lupi, Toby Fowler",08:31:00,08:36:00,Downy Woodpecker,C,NA,C,NA,NA,NA,NA,NA,NA,NA,66,NA,1,NA,NA,NA,NA,NA,NA,NA,0,0,NA,NA,NA,NA
Ellwood,EW_01,2025-06-18T00:00:00Z,"Santiago Lupi, Toby Fowler",08:31:00,08:36:00,Western Flycatcher,C,NA,C,NA,NA,NA,NA,NA,yes,NA,66,NA,1,NA,NA,NA,NA,NA,NA,NA,0,0,NA,NA,NA,NA
Ellwood,EW_01,2025-06-18T00:00:00Z,"Santiago Lupi, Toby Fowler",08:31:00,08:36:00,Lesser Goldfinch,C,NA,C,NA,NA,NA,NA,NA,yes,NA,66,NA,1,NA,NA,NA,NA,NA,NA,NA,0,0,NA,NA,NA,NA
Ellwood,EW_01,2025-06-18T00:00:00Z,"Santiago Lupi, Toby Fowler",08:31:00,08:36:00,House Finch,S,NA,S,NA,NA,NA,NA,NA,yes,NA,66,NA,1,NA,NA,NA,NA,NA,NA,NA,0,0,NA,NA,NA,NA
Ellwood,EW_01,2025-06-18T00:00:00Z,"Santiago Lupi, Toby Fowler",08:31:00,08:36:00,White-breasted Nuthatch,C,NA,C,NA,NA,NA,NA,NA,yes,NA,66,NA,1,NA,NA,NA,NA,NA,NA,NA,0,0,NA,NA,NA,NA
Ellwood,EW_03,2025-06-18T00:00:00Z,"Santiago Lupi, Toby Fowler",08:53:00,08:58:00,Yellow Warbler,S,NA,S,NA,NA,NA,NA,NA,NA,NA,67,NA,1,NA,NA,NA,NA,NA,NA,NA,0,0,NA,NA,NA,NA
Ellwood,EW_03,2025-06-18T00:00:00Z,"Santiago Lupi, Toby Fowler",08:53:00,08:58:00,Spotted Towhee,S,NA,S,NA,NA,NA,NA,NA,NA,NA,67,NA,1,NA,NA,NA,NA,NA,NA,NA,0,0,NA,NA,NA,NA
Ellwood,EW_03,2025-06-18T00:00:00Z,"Santiago Lupi, Toby Fowler",08:53:00,08:58:00,House Finch,S,NA,S,NA,NA,NA,NA,NA,NA,NA,67,NA,1,NA,NA,NA,NA,NA,NA,NA,0,0,NA,NA,NA,NA
Ellwood,EW_03,2025-06-18T00:00:00Z,"Santiago Lupi, Toby Fowler",08:53:00,08:58:00,Chestnut-backed Chickadee,V,NA,V,NA,NA,NA,Eucalyptus globulus,NA,NA,NA,67,NA,1,NA,NA,NA,NA,NA,NA,NA,0,0,NA,NA,NA,NA
Ellwood,EW_03,2025-06-18T00:00:00Z,"Santiago Lupi, Toby Fowler",08:53:00,08:58:00,Western Flycatcher,C,NA,C,NA,NA,NA,NA,NA,NA,NA,67,NA,1,NA,NA,NA,NA,NA,NA,NA,0,0,NA,NA,NA,NA
Ellwood,EW_03,2025-06-18T00:00:00Z,"Santiago Lupi, Toby Fowler",08:53:00,08:58:00,California Towhee,C,NA,C,NA,NA,NA,NA,NA,NA,NA,67,NA,1,NA,NA,NA,NA,NA,NA,NA,0,0,NA,NA,NA,NA
Ellwood,EW_03,2025-06-18T00:00:00Z,"Santiago Lupi, Toby Fowler",08:53:00,08:58:00,Downy Woodpecker,C,NA,C,NA,NA,NA,NA,NA,NA,NA,67,NA,1,NA,NA,NA,NA,NA,NA,NA,0,0,NA,NA,NA,NA
Ellwood,EW_03,2025-06-18T00:00:00Z,"Santiago Lupi, Toby Fowler",08:53:00,08:58:00,Allen's Hummingbird,C,NA,C,NA,NA,NA,NA,NA,NA,NA,67,NA,1,NA,NA,NA,NA,NA,NA,NA,0,0,NA,NA,NA,NA
Ellwood,EW_03,2025-06-18T00:00:00Z,"Santiago Lupi, Toby Fowler",08:53:00,08:58:00,Chestnut-backed Chickadee,V,NA,V,NA,NA,NA,Eucalyptus globulus,NA,NA,NA,67,NA,1,NA,NA,NA,NA,NA,NA,NA,0,0,NA,NA,NA,NA
Ellwood,EW_03,2025-06-18T00:00:00Z,"Santiago Lupi, Toby Fowler",08:53:00,08:58:00,Chestnut-backed Chickadee,V,NA,V,NA,NA,NA,Eucalyptus globulus,NA,NA,NA,67,NA,1,NA,NA,NA,NA,NA,NA,NA,0,0,NA,NA,NA,NA
Ellwood,EW_03,2025-06-18T00:00:00Z,"Santiago Lupi, Toby Fowler",08:53:00,08:58:00,Chestnut-backed Chickadee,V,NA,V,NA,NA,NA,Eucalyptus globulus,NA,NA,NA,67,NA,1,NA,NA,NA,NA,NA,NA,NA,0,0,NA,Begging behavior indicating young bird,NA,NA
Ellwood,EW_03,2025-06-18T00:00:00Z,"Santiago Lupi, Toby Fowler",08:53:00,08:58:00,Song Sparrow,C,NA,C,NA,NA,NA,NA,NA,yes,NA,67,NA,1,NA,NA,NA,NA,NA,NA,NA,0,0,NA,NA,NA,NA
Ellwood,EW_08,2025-06-18T00:00:00Z,"Santiago Lupi, Toby Fowler",09:27:00,09:32:00,Yellow Warbler,S,NA,S,NA,NA,NA,NA,NA,NA,NA,68,NA,1,NA,NA,NA,NA,NA,NA,NA,0,0,NA,NA,NA,NA
Ellwood,EW_08,2025-06-18T00:00:00Z,"Santiago Lupi, Toby Fowler",09:27:00,09:32:00,House Finch,S,NA,S,NA,NA,NA,NA,NA,NA,NA,68,NA,1,NA,NA,NA,NA,NA,NA,NA,0,0,NA,NA,NA,NA
Ellwood,EW_08,2025-06-18T00:00:00Z,"Santiago Lupi, Toby Fowler",09:27:00,09:32:00,Allen's Hummingbird,C,NA,C,NA,NA,NA,NA,NA,NA,NA,68,NA,1,NA,NA,NA,NA,NA,NA,NA,0,0,NA,NA,NA,NA
Ellwood,EW_08,2025-06-18T00:00:00Z,"Santiago Lupi, Toby Fowler",09:27:00,09:32:00,Dark-eyed Junco,S,NA,S,NA,NA,NA,NA,NA,NA,NA,68,NA,1,NA,NA,NA,NA,NA,NA,NA,0,0,NA,NA,NA,NA
Ellwood,EW_08,2025-06-18T00:00:00Z,"Santiago Lupi, Toby Fowler",09:27:00,09:32:00,Oak Titmouse,C,NA,C,NA,NA,NA,NA,NA,NA,NA,68,NA,1,NA,NA,NA,NA,NA,NA,NA,0,0,NA,NA,NA,NA
Ellwood,EW_08,2025-06-18T00:00:00Z,"Santiago Lupi, Toby Fowler",09:27:00,09:32:00,Western Flycatcher,V,NA,C,NA,NA,NA,NA,NA,NA,NA,68,NA,1,NA,NA,NA,NA,NA,NA,NA,0,0,NA,NA,NA,NA
Ellwood,EW_08,2025-06-18T00:00:00Z,"Santiago Lupi, Toby Fowler",09:27:00,09:32:00,Scaly-breasted Munia,C,NA,C,NA,NA,NA,NA,NA,NA,NA,68,NA,1,NA,NA,NA,NA,NA,NA,NA,0,0,NA,NA,NA,NA
Ellwood,EW_08,2025-06-18T00:00:00Z,"Santiago Lupi, Toby Fowler",09:27:00,09:32:00,Western Flycatcher,V,NA,C,NA,NA,NA,NA,NA,NA,NA,68,NA,1,NA,NA,NA,NA,NA,NA,NA,0,0,NA,NA,NA,NA
Ellwood,EW_08,2025-06-18T00:00:00Z,"Santiago Lupi, Toby Fowler",09:27:00,09:32:00,Western Flycatcher,V,NA,C,NA,NA,NA,NA,NA,NA,NA,68,NA,1,NA,NA,NA,NA,NA,NA,NA,0,0,NA,Recently fledged bird accompanied by two other WEFL,NA,NA
Ellwood,EW_08,2025-06-18T00:00:00Z,"Santiago Lupi, Toby Fowler",09:27:00,09:32:00,Acorn Woodpecker,C,NA,C,NA,NA,NA,NA,NA,NA,NA,68,NA,1,NA,NA,NA,NA,NA,NA,NA,0,0,NA,NA,NA,NA
Ellwood,EW_09,2025-06-18T00:00:00Z,"Santiago Lupi, Toby Fowler",09:45:00,09:50:00,Western Flycatcher,V,NA,C,NA,NA,NA,NA,NA,NA,NA,71,NA,1,NA,NA,NA,NA,NA,NA,NA,0,0,NA,NA,NA,NA
Ellwood,EW_09,2025-06-18T00:00:00Z,"Santiago Lupi, Toby Fowler",09:45:00,09:50:00,Song Sparrow,S,NA,S,NA,NA,NA,NA,NA,NA,NA,71,NA,1,NA,NA,NA,NA,NA,NA,NA,0,0,NA,NA,NA,NA
Ellwood,EW_09,2025-06-18T00:00:00Z,"Santiago Lupi, Toby Fowler",09:45:00,09:50:00,Yellow Warbler,S,NA,S,NA,NA,NA,NA,NA,NA,NA,71,NA,1,NA,NA,NA,NA,NA,NA,NA,0,0,NA,NA,NA,NA
Ellwood,EW_09,2025-06-18T00:00:00Z,"Santiago Lupi, Toby Fowler",09:45:00,09:50:00,Allen's Hummingbird,V,NA,V,NA,NA,NA,NA,NA,NA,NA,71,NA,1,NA,NA,NA,NA,NA,NA,NA,0,0,NA,NA,NA,NA
Ellwood,EW_09,2025-06-18T00:00:00Z,"Santiago Lupi, Toby Fowler",09:45:00,09:50:00,Dark-eyed Junco,S,NA,S,NA,NA,NA,NA,NA,NA,NA,71,NA,1,NA,NA,NA,NA,NA,NA,NA,0,0,NA,NA,NA,NA
Ellwood,EW_09,2025-06-18T00:00:00Z,"Santiago Lupi, Toby Fowler",09:45:00,09:50:00,House Finch,S,NA,S,NA,NA,NA,NA,NA,NA,NA,71,NA,1,NA,NA,NA,NA,NA,NA,NA,0,0,NA,NA,NA,NA
Ellwood,EW_09,2025-06-18T00:00:00Z,"Santiago Lupi, Toby Fowler",09:45:00,09:50:00,(Northern) House Wren,V,NA,S,NA,NA,NA,NA,NA,NA,NA,71,NA,1,NA,NA,NA,NA,NA,NA,NA,0,0,NA,NA,NA,NA
Ellwood,EW_09,2025-06-18T00:00:00Z,"Santiago Lupi, Toby Fowler",09:45:00,09:50:00,Scaly-breasted Munia,C,NA,C,NA,NA,NA,NA,NA,NA,NA,71,NA,1,NA,NA,NA,NA,NA,NA,NA,0,0,NA,NA,NA,NA
Ellwood,EW_09,2025-06-18T00:00:00Z,"Santiago Lupi, Toby Fowler",09:45:00,09:50:00,Acorn Woodpecker,C,NA,C,NA,NA,NA,NA,NA,NA,NA,71,NA,1,NA,NA,NA,NA,NA,NA,NA,0,0,NA,NA,NA,NA
Ellwood,EW_09,2025-06-18T00:00:00Z,"Santiago Lupi, Toby Fowler",09:45:00,09:50:00,Downy Woodpecker,C,NA,C,NA,NA,NA,NA,NA,NA,NA,71,NA,1,NA,NA,NA,NA,NA,NA,NA,0,0,NA,NA,NA,NA
Ellwood,EW_09,2025-06-18T00:00:00Z,"Santiago Lupi, Toby Fowler",09:45:00,09:50:00,Lesser Goldfinch,C,NA,C,NA,NA,NA,NA,NA,NA,NA,71,NA,1,NA,NA,NA,NA,NA,NA,NA,0,0,NA,NA,NA,NA
Ellwood,EW_09,2025-06-18T00:00:00Z,"Santiago Lupi, Toby Fowler",09:45:00,09:50:00,Cliff Swallow,F,NA,F,NA,NA,NA,NA,NA,NA,NA,71,NA,1,NA,NA,NA,NA,NA,NA,NA,0,0,NA,NA,NA,NA
Ellwood,EW_09,2025-06-18T00:00:00Z,"Santiago Lupi, Toby Fowler",09:45:00,09:50:00,Common Yellowthroat,S,NA,S,NA,NA,NA,NA,NA,yes,NA,71,NA,1,NA,NA,NA,NA,NA,NA,NA,0,0,NA,NA,NA,NA
Ellwood,EW_09,2025-06-18T00:00:00Z,"Santiago Lupi, Toby Fowler",09:45:00,09:50:00,Purple Finch,S,NA,S,NA,NA,NA,NA,NA,yes,NA,71,NA,1,NA,NA,NA,NA,NA,NA,NA,0,0,NA,NA,NA,NA
Ellwood,EW_09,2025-06-18T00:00:00Z,"Santiago Lupi, Toby Fowler",09:45:00,09:50:00,Oak Titmouse,C,NA,C,NA,NA,NA,NA,NA,yes,NA,71,NA,1,NA,NA,NA,NA,NA,NA,NA,0,0,NA,NA,NA,NA
Atascadero Creek,AC_12,2025-06-19T00:00:00Z,"Santiago Lupi, Toby Fowler",08:23:00,08:28:00,Orange-crowned Warbler,S,NA,S,NA,NA,NA,NA,NA,NA,NA,67,NA,0,NA,NA,NA,NA,NA,NA,NA,100,1,NA,NA,NA,NA
Atascadero Creek,AC_12,2025-06-19T00:00:00Z,"Santiago Lupi, Toby Fowler",08:23:00,08:28:00,Common Yellowthroat,S,NA,S,NA,NA,NA,NA,NA,NA,NA,67,NA,0,NA,NA,NA,NA,NA,NA,NA,100,1,NA,NA,NA,NA
Atascadero Creek,AC_12,2025-06-19T00:00:00Z,"Santiago Lupi, Toby Fowler",08:23:00,08:28:00,American Crow,C,NA,C,NA,NA,NA,NA,NA,NA,NA,67,NA,0,NA,NA,NA,NA,NA,NA,NA,100,1,NA,NA,NA,NA
Atascadero Creek,AC_12,2025-06-19T00:00:00Z,"Santiago Lupi, Toby Fowler",08:23:00,08:28:00,Song Sparrow,S,NA,S,NA,NA,NA,NA,NA,NA,NA,67,NA,0,NA,NA,NA,NA,NA,NA,NA,100,1,NA,NA,NA,NA
Atascadero Creek,AC_12,2025-06-19T00:00:00Z,"Santiago Lupi, Toby Fowler",08:23:00,08:28:00,Spotted Towhee,C,NA,C,NA,NA,NA,NA,NA,NA,NA,67,NA,0,NA,NA,NA,NA,NA,NA,NA,100,1,NA,NA,NA,NA
Atascadero Creek,AC_12,2025-06-19T00:00:00Z,"Santiago Lupi, Toby Fowler",08:23:00,08:28:00,Wrentit,S,NA,S,NA,NA,NA,NA,NA,NA,NA,67,NA,0,NA,NA,NA,NA,NA,NA,NA,100,1,NA,NA,NA,NA
Atascadero Creek,AC_12,2025-06-19T00:00:00Z,"Santiago Lupi, Toby Fowler",08:23:00,08:28:00,Cliff Swallow,F,NA,F,NA,NA,NA,NA,NA,NA,NA,67,NA,0,NA,NA,NA,NA,NA,NA,NA,100,1,NA,NA,NA,NA
Atascadero Creek,AC_12,2025-06-19T00:00:00Z,"Santiago Lupi, Toby Fowler",08:23:00,08:28:00,House Finch,S,NA,S,NA,NA,NA,NA,NA,NA,NA,67,NA,0,NA,NA,NA,NA,NA,NA,NA,100,1,NA,NA,NA,NA
Atascadero Creek,AC_12,2025-06-19T00:00:00Z,"Santiago Lupi, Toby Fowler",08:23:00,08:28:00,Bushtit,C,NA,C,NA,NA,NA,NA,NA,NA,NA,67,NA,0,NA,NA,NA,NA,NA,NA,NA,100,1,NA,NA,NA,NA
Atascadero Creek,AC_12,2025-06-19T00:00:00Z,"Santiago Lupi, Toby Fowler",08:23:00,08:28:00,Lesser Goldfinch,C,NA,C,NA,NA,NA,NA,NA,NA,NA,67,NA,0,NA,NA,NA,NA,NA,NA,NA,100,1,NA,NA,NA,NA
Atascadero Creek,AC_12,2025-06-19T00:00:00Z,"Santiago Lupi, Toby Fowler",08:23:00,08:28:00,Oak Titmouse,C,NA,C,NA,NA,NA,NA,NA,NA,NA,67,NA,0,NA,NA,NA,NA,NA,NA,NA,100,1,NA,NA,NA,NA
Atascadero Creek,AC_12,2025-06-19T00:00:00Z,"Santiago Lupi, Toby Fowler",08:23:00,08:28:00,Bewick's Wren,S,NA,S,NA,NA,NA,NA,NA,yes,NA,67,NA,0,NA,NA,NA,NA,NA,NA,NA,100,1,NA,NA,NA,NA
Atascadero Creek,AC_12,2025-06-19T00:00:00Z,"Santiago Lupi, Toby Fowler",08:23:00,08:28:00,Red-winged Blackbird,S,NA,S,NA,NA,NA,NA,NA,yes,NA,67,NA,0,NA,NA,NA,NA,NA,NA,NA,100,1,NA,NA,NA,NA
Atascadero Creek,AC_10,2025-06-19T00:00:00Z,"Santiago Lupi, Toby Fowler",08:41:00,08:46:00,California Towhee,C,NA,C,NA,NA,NA,NA,NA,NA,NA,68,NA,0,NA,NA,NA,NA,NA,NA,NA,100,1,NA,NA,NA,NA
Atascadero Creek,AC_10,2025-06-19T00:00:00Z,"Santiago Lupi, Toby Fowler",08:41:00,08:46:00,House Finch,F,NA,C,NA,NA,NA,NA,NA,NA,NA,68,NA,0,NA,NA,NA,NA,NA,NA,NA,100,1,NA,NA,NA,NA
Atascadero Creek,AC_10,2025-06-19T00:00:00Z,"Santiago Lupi, Toby Fowler",08:41:00,08:46:00,Anna's Hummingbird,F,NA,C,NA,NA,NA,NA,NA,NA,NA,68,NA,0,NA,NA,NA,NA,NA,NA,NA,100,1,NA,NA,NA,NA
Atascadero Creek,AC_10,2025-06-19T00:00:00Z,"Santiago Lupi, Toby Fowler",08:41:00,08:46:00,Red-shouldered Hawk,C,NA,C,NA,NA,NA,NA,NA,NA,NA,68,NA,0,NA,NA,NA,NA,NA,NA,NA,100,1,NA,NA,NA,NA
Atascadero Creek,AC_10,2025-06-19T00:00:00Z,"Santiago Lupi, Toby Fowler",08:41:00,08:46:00,Yellow Warbler,C,NA,C,NA,NA,Populus trichocarpa,NA,NA,NA,NA,68,NA,0,NA,NA,NA,NA,NA,NA,NA,100,1,NA,NA,NA,NA
Atascadero Creek,AC_10,2025-06-19T00:00:00Z,"Santiago Lupi, Toby Fowler",08:41:00,08:46:00,Downy Woodpecker,C,NA,C,NA,NA,snag,NA,NA,NA,NA,68,NA,0,NA,NA,NA,NA,NA,NA,NA,100,1,NA,NA,NA,NA
Atascadero Creek,AC_10,2025-06-19T00:00:00Z,"Santiago Lupi, Toby Fowler",08:41:00,08:46:00,(Northern) House Wren,S,NA,S,NA,NA,NA,NA,NA,NA,NA,68,NA,0,NA,NA,NA,NA,NA,NA,NA,100,1,NA,NA,NA,NA
Atascadero Creek,AC_10,2025-06-19T00:00:00Z,"Santiago Lupi, Toby Fowler",08:41:00,08:46:00,Eurasian Collared-Dove,C,NA,C,NA,NA,NA,NA,NA,NA,NA,68,NA,0,NA,NA,NA,NA,NA,NA,NA,100,1,NA,NA,NA,NA
Atascadero Creek,AC_10,2025-06-19T00:00:00Z,"Santiago Lupi, Toby Fowler",08:41:00,08:46:00,Bushtit,C,NA,C,NA,NA,NA,NA,NA,NA,NA,68,NA,0,NA,NA,NA,NA,NA,NA,NA,100,1,NA,NA,NA,NA
Atascadero Creek,AC_10,2025-06-19T00:00:00Z,"Santiago Lupi, Toby Fowler",08:41:00,08:46:00,Spotted Towhee,C,NA,C,NA,NA,NA,NA,NA,NA,NA,68,NA,0,NA,NA,NA,NA,NA,NA,NA,100,1,NA,NA,NA,NA
Atascadero Creek,AC_10,2025-06-19T00:00:00Z,"Santiago Lupi, Toby Fowler",08:41:00,08:46:00,Common Yellowthroat,S,NA,S,NA,NA,NA,NA,NA,NA,NA,68,NA,0,NA,NA,NA,NA,NA,NA,NA,100,1,NA,NA,NA,NA
Atascadero Creek,AC_10,2025-06-19T00:00:00Z,"Santiago Lupi, Toby Fowler",08:41:00,08:46:00,Song Sparrow,S,NA,C,NA,NA,NA,NA,NA,yes,NA,68,NA,0,NA,NA,NA,NA,NA,NA,NA,100,1,NA,NA,NA,NA
Atascadero Creek,AC_10,2025-06-19T00:00:00Z,"Santiago Lupi, Toby Fowler",08:41:00,08:46:00,Oak Titmouse,C,NA,C,NA,NA,NA,NA,NA,yes,NA,68,NA,0,NA,NA,NA,NA,NA,NA,NA,100,1,NA,NA,NA,NA
Atascadero Creek,AC_10,2025-06-19T00:00:00Z,"Santiago Lupi, Toby Fowler",08:41:00,08:46:00,Cliff Swallow,C,NA,F,NA,NA,NA,NA,NA,yes,NA,68,NA,0,NA,NA,NA,NA,NA,NA,NA,100,1,NA,NA,NA,NA
Atascadero Creek,AC_05,2025-06-19T00:00:00Z,"Santiago Lupi, Toby Fowler",09:05:00,09:10:00,Common Yellowthroat,S,NA,S,NA,NA,NA,NA,NA,NA,NA,68,NA,0,NA,NA,NA,NA,NA,NA,NA,100,0,NA,NA,NA,NA
Atascadero Creek,AC_05,2025-06-19T00:00:00Z,"Santiago Lupi, Toby Fowler",09:05:00,09:10:00,Spotted Towhee,C,NA,C,NA,NA,NA,NA,NA,NA,NA,68,NA,0,NA,NA,NA,NA,NA,NA,NA,100,0,NA,NA,NA,NA
Atascadero Creek,AC_05,2025-06-19T00:00:00Z,"Santiago Lupi, Toby Fowler",09:05:00,09:10:00,Song Sparrow,S,NA,S,NA,NA,NA,NA,NA,NA,NA,68,NA,0,NA,NA,NA,NA,NA,NA,NA,100,0,NA,NA,NA,NA
Atascadero Creek,AC_05,2025-06-19T00:00:00Z,"Santiago Lupi, Toby Fowler",09:05:00,09:10:00,Bushtit,C,NA,C,NA,NA,NA,NA,NA,NA,NA,68,NA,0,NA,NA,NA,NA,NA,NA,NA,100,0,NA,NA,NA,NA
Atascadero Creek,AC_05,2025-06-19T00:00:00Z,"Santiago Lupi, Toby Fowler",09:05:00,09:10:00,Common Yellowthroat,S,NA,S,NA,NA,NA,NA,NA,NA,NA,68,NA,0,NA,NA,NA,NA,NA,NA,NA,100,0,NA,NA,NA,NA
Atascadero Creek,AC_05,2025-06-19T00:00:00Z,"Santiago Lupi, Toby Fowler",09:05:00,09:10:00,Common Yellowthroat,S,NA,S,NA,NA,NA,NA,NA,NA,NA,68,NA,0,NA,NA,NA,NA,NA,NA,NA,100,0,NA,NA,NA,NA
Atascadero Creek,AC_05,2025-06-19T00:00:00Z,"Santiago Lupi, Toby Fowler",09:05:00,09:10:00,Spotted Towhee,C,NA,C,NA,NA,NA,NA,NA,NA,NA,68,NA,0,NA,NA,NA,NA,NA,NA,NA,100,0,NA,NA,NA,NA
Atascadero Creek,AC_05,2025-06-19T00:00:00Z,"Santiago Lupi, Toby Fowler",09:05:00,09:10:00,Dark-eyed Junco,S,NA,S,NA,NA,NA,NA,NA,yes,NA,68,NA,0,NA,NA,NA,NA,NA,NA,NA,100,0,NA,NA,NA,NA
Atascadero Creek,AC_05,2025-06-19T00:00:00Z,"Santiago Lupi, Toby Fowler",09:05:00,09:10:00,American Coot,F,NA,F,NA,NA,NA,NA,NA,yes,NA,68,NA,0,NA,NA,NA,NA,NA,NA,NA,100,0,NA,NA,NA,NA
Atascadero Creek,AC_05,2025-06-19T00:00:00Z,"Santiago Lupi, Toby Fowler",09:05:00,09:10:00,Black Phoebe,C,NA,C,NA,NA,NA,NA,NA,yes,NA,68,NA,0,NA,NA,NA,NA,NA,NA,NA,100,0,NA,NA,NA,NA
Atascadero Creek,AC_05,2025-06-19T00:00:00Z,"Santiago Lupi, Toby Fowler",09:25:00,09:30:00,Spotted Towhee,C,NA,C,NA,NA,NA,NA,NA,NA,NA,66,NA,0,NA,NA,NA,NA,NA,NA,NA,100,0,NA,NA,NA,NA
Atascadero Creek,AC_05,2025-06-19T00:00:00Z,"Santiago Lupi, Toby Fowler",09:25:00,09:30:00,Black-headed Gull,S,NA,S,NA,NA,NA,NA,NA,NA,NA,66,NA,0,NA,NA,NA,NA,NA,NA,NA,100,0,NA,NA,NA,NA
Atascadero Creek,AC_05,2025-06-19T00:00:00Z,"Santiago Lupi, Toby Fowler",09:25:00,09:30:00,Wilson's Warbler,S,NA,S,NA,NA,NA,NA,NA,NA,NA,66,NA,0,NA,NA,NA,NA,NA,NA,NA,100,0,NA,NA,NA,NA
Atascadero Creek,AC_05,2025-06-19T00:00:00Z,"Santiago Lupi, Toby Fowler",09:25:00,09:30:00,Yellow Warbler,S,NA,S,NA,NA,NA,NA,NA,NA,NA,66,NA,0,NA,NA,NA,NA,NA,NA,NA,100,0,NA,NA,NA,NA
Atascadero Creek,AC_05,2025-06-19T00:00:00Z,"Santiago Lupi, Toby Fowler",09:25:00,09:30:00,Orange-crowned Warbler,S,NA,S,NA,NA,NA,NA,NA,NA,NA,66,NA,0,NA,NA,NA,NA,NA,NA,NA,100,0,NA,NA,NA,NA
Atascadero Creek,AC_05,2025-06-19T00:00:00Z,"Santiago Lupi, Toby Fowler",09:25:00,09:30:00,Eurasian Collared-Dove,C,NA,C,NA,NA,NA,NA,NA,NA,NA,66,NA,0,NA,NA,NA,NA,NA,NA,NA,100,0,NA,NA,NA,NA
Atascadero Creek,AC_05,2025-06-19T00:00:00Z,"Santiago Lupi, Toby Fowler",09:25:00,09:30:00,Warbling Vireo,V,NA,S,NA,NA,Salix lasiolepsis,NA,NA,NA,NA,66,NA,0,NA,NA,NA,NA,NA,NA,NA,100,0,NA,NA,NA,NA
Atascadero Creek,AC_05,2025-06-19T00:00:00Z,"Santiago Lupi, Toby Fowler",09:25:00,09:30:00,Cassin's Kingbird,C,NA,C,NA,NA,NA,NA,NA,yes,NA,66,NA,0,NA,NA,NA,NA,NA,NA,NA,100,0,NA,NA,NA,NA
Atascadero Creek,AC_05,2025-06-19T00:00:00Z,"Santiago Lupi, Toby Fowler",09:25:00,09:30:00,Hairy Woodpecker,C,NA,C,NA,NA,NA,NA,NA,yes,NA,66,NA,0,NA,NA,NA,NA,NA,NA,NA,100,0,NA,NA,NA,NA
Atascadero Creek,AC_05,2025-06-19T00:00:00Z,"Santiago Lupi, Toby Fowler",09:25:00,09:30:00,Western Flycatcher,C,NA,C,NA,NA,NA,NA,NA,yes,NA,66,NA,0,NA,NA,NA,NA,NA,NA,NA,100,0,NA,NA,NA,NA
Ellwood,EW_01,2025-06-25T00:00:00Z,"Toby Fowler, Santiago Lupi",09:06:00,09:11:00,Song Sparrow,S,30,S,NA,NA,NA,NA,NA,NA,NA,63,NA,0,NA,NA,NA,NA,78,NA,NA,100,0,NA,NA,Some chainsaw noise from nearby restoration,NA
Ellwood,EW_01,2025-06-25T00:00:00Z,"Toby Fowler, Santiago Lupi",09:06:00,09:11:00,California Towhee,C,10,C,NA,NA,NA,NA,NA,NA,NA,NA,NA,NA,NA,NA,NA,NA,NA,NA,NA,NA,NA,NA,NA,NA,NA
Ellwood,EW_01,2025-06-25T00:00:00Z,"Toby Fowler, Santiago Lupi",09:06:00,09:11:00,Yellow Warbler,S,20,S,NA,NA,NA,NA,NA,NA,NA,NA,NA,NA,NA,NA,NA,NA,NA,NA,NA,NA,NA,NA,NA,NA,NA
Ellwood,EW_01,2025-06-25T00:00:00Z,"Toby Fowler, Santiago Lupi",09:06:00,09:11:00,Bewick's Wren,S,20,S,NA,NA,NA,NA,NA,NA,NA,NA,NA,NA,NA,NA,NA,NA,NA,NA,NA,NA,NA,NA,NA,NA,NA
Ellwood,EW_01,2025-06-25T00:00:00Z,"Toby Fowler, Santiago Lupi",09:06:00,09:11:00,Purple Finch,S,30,S,NA,NA,NA,NA,NA,NA,NA,NA,NA,NA,NA,NA,NA,NA,NA,NA,NA,NA,NA,NA,NA,NA,NA
Ellwood,EW_01,2025-06-25T00:00:00Z,"Toby Fowler, Santiago Lupi",09:06:00,09:11:00,Allen's Hummingbird,C,3,S,NA,NA,NA,NA,NA,NA,NA,NA,NA,NA,NA,NA,NA,NA,NA,NA,NA,NA,NA,NA,NA,NA,NA
Ellwood,EW_01,2025-06-25T00:00:00Z,"Toby Fowler, Santiago Lupi",09:06:00,09:11:00,Western Flycatcher,C,10,C,NA,NA,NA,NA,NA,NA,NA,NA,NA,NA,NA,NA,NA,NA,NA,NA,NA,NA,NA,NA,NA,NA,NA
Ellwood,EW_01,2025-06-25T00:00:00Z,"Toby Fowler, Santiago Lupi",09:06:00,09:11:00,Yellow Warbler,S,25,S,NA,NA,Fraxinus uhdei,NA,NA,NA,NA,NA,NA,NA,NA,NA,NA,NA,NA,NA,NA,NA,NA,NA,NA,NA,NA
Ellwood,EW_01,2025-06-25T00:00:00Z,"Toby Fowler, Santiago Lupi",09:06:00,09:11:00,California Towhee,V,10,V,NA,NA,NA,NA,NA,Yes,NA,NA,NA,NA,NA,NA,NA,NA,NA,NA,NA,NA,NA,NA,NA,NA,NA
Ellwood,EW_03,2025-06-25T00:00:00Z,"Toby Fowler, Santiago Lupi",09:27:00,09:32:00,California Towhee,C,15,C,NA,NA,NA,NA,NA,NA,NA,64,NA,0,NA,NA,NA,NA,76,NA,NA,100,0,NA,NA,NA,NA
Ellwood,EW_03,2025-06-25T00:00:00Z,"Toby Fowler, Santiago Lupi",09:27:00,09:32:00,Bewick's Wren,S,25,S,NA,NA,NA,NA,NA,NA,NA,NA,NA,NA,NA,NA,NA,NA,NA,NA,NA,NA,NA,NA,NA,NA,NA
Ellwood,EW_03,2025-06-25T00:00:00Z,"Toby Fowler, Santiago Lupi",09:27:00,09:32:00,Allen's Hummingbird,C,20,C,NA,NA,NA,NA,NA,NA,NA,NA,NA,NA,NA,NA,NA,NA,NA,NA,NA,NA,NA,NA,NA,NA,NA
Ellwood,EW_03,2025-06-25T00:00:00Z,"Toby Fowler, Santiago Lupi",09:27:00,09:32:00,Orange-crowned Warbler,S,20,S,NA,NA,NA,NA,NA,NA,NA,NA,NA,NA,NA,NA,NA,NA,NA,NA,NA,NA,NA,NA,NA,NA,NA
Ellwood,EW_03,2025-06-25T00:00:00Z,"Toby Fowler, Santiago Lupi",09:27:00,09:32:00,Western Flycatcher,C,10,C,NA,NA,NA,NA,NA,NA,NA,NA,NA,NA,NA,NA,NA,NA,NA,NA,NA,NA,NA,NA,NA,NA,NA
Ellwood,EW_03,2025-06-25T00:00:00Z,"Toby Fowler, Santiago Lupi",09:27:00,09:32:00,Anna's Hummingbird,S,15,S,NA,NA,NA,NA,NA,NA,NA,NA,NA,NA,NA,NA,NA,NA,NA,NA,NA,NA,NA,NA,NA,NA,NA
Ellwood,EW_03,2025-06-25T00:00:00Z,"Toby Fowler, Santiago Lupi",09:27:00,09:32:00,House Finch,S,25,S,NA,NA,NA,NA,NA,NA,NA,NA,NA,NA,NA,NA,NA,NA,NA,NA,NA,NA,NA,NA,NA,NA,NA
Ellwood,EW_03,2025-06-25T00:00:00Z,"Toby Fowler, Santiago Lupi",09:27:00,09:32:00,Spotted Towhee,C,20,C,NA,NA,NA,NA,NA,NA,NA,NA,NA,NA,NA,NA,NA,NA,NA,NA,NA,NA,NA,NA,NA,NA,NA
Ellwood,EW_03,2025-06-25T00:00:00Z,"Toby Fowler, Santiago Lupi",09:27:00,09:32:00,Yellow Warbler,S,25,S,NA,NA,NA,NA,NA,NA,NA,NA,NA,NA,NA,NA,NA,NA,NA,NA,NA,NA,NA,NA,NA,NA,NA
Ellwood,EW_03,2025-06-25T00:00:00Z,"Toby Fowler, Santiago Lupi",09:27:00,09:32:00,American Crow,C,30,C,NA,NA,NA,NA,NA,NA,NA,NA,NA,NA,NA,NA,NA,NA,NA,NA,NA,NA,NA,NA,NA,NA,NA
Ellwood,EW_03,2025-06-25T00:00:00Z,"Toby Fowler, Santiago Lupi",09:27:00,09:32:00,Hooded Oriole,C,30,C,NA,NA,NA,NA,NA,yes,NA,NA,NA,NA,NA,NA,NA,NA,NA,NA,NA,NA,NA,NA,NA,NA,NA
Ellwood,EW_03,2025-06-25T00:00:00Z,"Toby Fowler, Santiago Lupi",09:27:00,09:32:00,Hooded Oriole,C,30,C,NA,NA,NA,NA,NA,yes,NA,NA,NA,NA,NA,NA,NA,NA,NA,NA,NA,NA,NA,NA,NA,NA,NA
Ellwood,EW_03,2025-06-25T00:00:00Z,"Toby Fowler, Santiago Lupi",09:27:00,09:32:00,Hutton's Vireo,C,15,C,NA,NA,Fraxinus uhdei,NA,NA,yes,NA,NA,NA,NA,NA,NA,NA,NA,NA,NA,NA,NA,NA,NA,NA,NA,NA
Ellwood,EW_08,2025-06-25T00:00:00Z,"Toby Fowler, Santiago Lupi",10:01:00,10:06:00,Dark-eyed Junco,V,26,V,NA,NA,NA,NA,NA,NA,NA,65,NA,0,NA,NA,NA,NA,74,NA,NA,100,0,NA,NA,NA,NA
Ellwood,EW_08,2025-06-25T00:00:00Z,"Toby Fowler, Santiago Lupi",10:01:00,10:06:00,Western Flycatcher,C,10,C,NA,NA,NA,NA,NA,NA,NA,NA,NA,NA,NA,NA,NA,NA,NA,NA,NA,NA,NA,NA,NA,NA,NA
Ellwood,EW_08,2025-06-25T00:00:00Z,"Toby Fowler, Santiago Lupi",10:01:00,10:06:00,Allen's Hummingbird,C,10,C,NA,NA,NA,NA,NA,NA,NA,NA,NA,NA,NA,NA,NA,NA,NA,NA,NA,NA,NA,NA,NA,NA,NA
Ellwood,EW_08,2025-06-25T00:00:00Z,"Toby Fowler, Santiago Lupi",10:01:00,10:06:00,Red-tailed Hawk,C,40,C,NA,NA,NA,NA,NA,NA,NA,NA,NA,NA,NA,NA,NA,NA,NA,NA,NA,NA,NA,NA,NA,NA,NA
Ellwood,EW_08,2025-06-25T00:00:00Z,"Toby Fowler, Santiago Lupi",10:01:00,10:06:00,House Finch,S,20,S,NA,NA,Eucalyptus globulus,NA,NA,NA,NA,NA,NA,NA,NA,NA,NA,NA,NA,NA,NA,NA,NA,NA,NA,NA,NA
Ellwood,EW_08,2025-06-25T00:00:00Z,"Toby Fowler, Santiago Lupi",10:01:00,10:06:00,Dark-eyed Junco,V,13.5,V,NA,NA,NA,NA,NA,NA,NA,NA,NA,NA,NA,NA,NA,NA,NA,NA,NA,NA,NA,NA,NA,NA,NA
Ellwood,EW_08,2025-06-25T00:00:00Z,"Toby Fowler, Santiago Lupi",10:01:00,10:06:00,Dark-eyed Junco,V,4,V,NA,NA,NA,NA,NA,NA,NA,NA,NA,NA,NA,NA,NA,NA,NA,NA,NA,NA,NA,NA,NA,NA,NA
Ellwood,EW_08,2025-06-25T00:00:00Z,"Toby Fowler, Santiago Lupi",10:01:00,10:06:00,Acorn Woodpecker,C,30,C,NA,NA,NA,NA,NA,yes,NA,NA,NA,NA,NA,NA,NA,NA,NA,NA,NA,NA,NA,NA,NA,NA,NA
Ellwood,EW_08,2025-06-25T00:00:00Z,"Toby Fowler, Santiago Lupi",10:01:00,10:06:00,Hairy Woodpecker,C,30,C,NA,NA,Quercus agrifolia,foraging in coast live oaks,NA,yes,NA,NA,NA,NA,NA,NA,NA,NA,NA,NA,NA,NA,NA,NA,NA,NA,NA
Ellwood,EW_08,2025-06-25T00:00:00Z,"Toby Fowler, Santiago Lupi",10:01:00,10:06:00,Yellow Warbler,S,30,S,NA,NA,NA,NA,NA,yes,NA,NA,NA,NA,NA,NA,NA,NA,NA,NA,NA,NA,NA,NA,NA,NA,NA
Ellwood,EW_08,2025-06-25T00:00:00Z,"Toby Fowler, Santiago Lupi",10:01:00,10:06:00,Yellow Warbler,S,10,S,NA,NA,NA,NA,NA,yes,NA,NA,NA,NA,NA,NA,NA,NA,NA,NA,NA,NA,NA,NA,NA,NA,NA
Ellwood,EW_09,2025-06-25T00:00:00Z,"Toby Fowler, Santiago Lupi",10:25:00,10:30:00,Great Horned Owl,V,18.5,V,NA,NA,Snag,NA,NA,NA,NA,65,NA,0,NA,NA,NA,NA,71,NA,NA,100,0,NA,NA,NA,NA
Ellwood,EW_09,2025-06-25T00:00:00Z,"Toby Fowler, Santiago Lupi",10:25:00,10:30:00,House Finch,S,25,S,NA,NA,Eucalyptus globulus,NA,NA,NA,NA,NA,NA,NA,NA,NA,NA,NA,NA,NA,NA,NA,NA,NA,NA,NA,NA
Ellwood,EW_09,2025-06-25T00:00:00Z,"Toby Fowler, Santiago Lupi",10:25:00,10:30:00,Song Sparrow,S,20,S,NA,NA,NA,NA,NA,NA,NA,NA,NA,NA,NA,NA,NA,NA,NA,NA,NA,NA,NA,NA,NA,NA,NA
Ellwood,EW_09,2025-06-25T00:00:00Z,"Toby Fowler, Santiago Lupi",10:25:00,10:30:00,Allen's Hummingbird,V,12,V,NA,NA,Salix lasiolepsis,NA,NA,NA,NA,NA,NA,NA,NA,NA,NA,NA,NA,NA,NA,NA,NA,NA,NA,NA,NA
Ellwood,EW_09,2025-06-25T00:00:00Z,"Toby Fowler, Santiago Lupi",10:25:00,10:30:00,Acorn Woodpecker,C,40,C,NA,NA,Eucalyptus globulus,NA,NA,NA,NA,NA,NA,NA,NA,NA,NA,NA,NA,NA,NA,NA,NA,NA,NA,NA,NA
Ellwood,EW_09,2025-06-25T00:00:00Z,"Toby Fowler, Santiago Lupi",10:25:00,10:30:00,Mourning Dove,V,45,V,NA,NA,Eucalyptus globulus,NA,NA,yes,NA,NA,NA,NA,NA,NA,NA,NA,NA,NA,NA,NA,NA,NA,NA,NA,NA
Ellwood,EW_09,2025-06-25T00:00:00Z,"Toby Fowler, Santiago Lupi",10:25:00,10:30:00,Hooded Oriole,C,40,C,NA,NA,Eucalyptus globulus,NA,NA,yes,NA,NA,NA,NA,NA,NA,NA,NA,NA,NA,NA,NA,NA,NA,NA,NA,NA
Ellwood,EW_09,2025-06-25T00:00:00Z,"Toby Fowler, Santiago Lupi",10:25:00,10:30:00,Great Horned Owl,V,47,V,NA,NA,Eucalyptus globulus,NA,NA,yes,NA,NA,NA,NA,NA,NA,NA,NA,NA,NA,NA,NA,NA,NA,Fledging,NA,NA
Atascadero Creek,AC_12,2025-06-27T00:00:00Z,Toby Fowler,09:01:00,09:06:00,Anna's Hummingbird,S,22,S,NA,NA,quercus agrifolia,NA,NA,NA,NA,65,NA,0,NA,NA,NA,NA,80,NA,NA,100,0,NA,NA,"Overcast day, rain code 1 earlier in the day but not during point count",NA
Atascadero Creek,AC_12,2025-06-27T00:00:00Z,Toby Fowler,09:01:00,09:06:00,Spotted Towhee,C,10,C,NA,NA,NA,NA,NA,NA,NA,NA,NA,NA,NA,NA,NA,NA,NA,NA,NA,NA,NA,NA,NA,NA,NA
Atascadero Creek,AC_12,2025-06-27T00:00:00Z,Toby Fowler,09:01:00,09:06:00,Downy Woodpecker,V,25,V,NA,NA,NA,NA,NA,NA,NA,NA,NA,NA,NA,NA,NA,NA,NA,NA,NA,NA,NA,NA,NA,NA,NA
Atascadero Creek,AC_12,2025-06-27T00:00:00Z,Toby Fowler,09:01:00,09:06:00,Anna's Hummingbird,S,22,S,NA,NA,quercus agrifolia,NA,NA,NA,NA,NA,NA,NA,NA,NA,NA,NA,NA,NA,NA,NA,NA,NA,NA,NA,NA
Atascadero Creek,AC_12,2025-06-27T00:00:00Z,Toby Fowler,09:01:00,09:06:00,Bushtit,C,22,C,NA,NA,NA,NA,NA,NA,NA,NA,NA,NA,NA,NA,NA,NA,NA,NA,NA,NA,NA,NA,NA,NA,NA
Atascadero Creek,AC_12,2025-06-27T00:00:00Z,Toby Fowler,09:01:00,09:06:00,Common Yellowthroat,S,40,S,NA,NA,NA,NA,NA,NA,NA,NA,NA,NA,NA,NA,NA,NA,NA,NA,NA,NA,NA,NA,NA,NA,NA
Atascadero Creek,AC_12,2025-06-27T00:00:00Z,Toby Fowler,09:01:00,09:06:00,Wrentit,S,40,S,NA,NA,NA,NA,NA,NA,NA,NA,NA,NA,NA,NA,NA,NA,NA,NA,NA,NA,NA,NA,NA,NA,NA
Atascadero Creek,AC_12,2025-06-27T00:00:00Z,Toby Fowler,09:01:00,09:06:00,Cassin's Kingbird,C,25,C,NA,NA,NA,NA,NA,yes,NA,NA,NA,NA,NA,NA,NA,NA,NA,NA,NA,NA,NA,NA,NA,NA,NA
Atascadero Creek,AC_12,2025-06-27T00:00:00Z,Toby Fowler,09:01:00,09:06:00,Orange-crowned Warbler,C,10,C,NA,NA,NA,NA,NA,yes,NA,NA,NA,NA,NA,NA,NA,NA,NA,NA,NA,NA,NA,NA,NA,NA,NA
Atascadero Creek,AC_12,2025-06-27T00:00:00Z,Toby Fowler,09:01:00,09:06:00,Spotted Towhee,C,40,C,NA,NA,NA,NA,NA,yes,NA,NA,NA,NA,NA,NA,NA,NA,NA,NA,NA,NA,NA,NA,NA,NA,NA
Atascadero Creek,AC_12,2025-06-27T00:00:00Z,Toby Fowler,09:01:00,09:06:00,Mourning Dove,S,50,S,NA,NA,NA,NA,NA,yes,NA,NA,NA,NA,NA,NA,NA,NA,NA,NA,NA,NA,NA,NA,NA,NA,NA
Atascadero Creek,AC_12,2025-06-27T00:00:00Z,Toby Fowler,09:01:00,09:06:00,Black Phoebe,C,25,C,NA,NA,NA,NA,NA,yes,NA,NA,NA,NA,NA,NA,NA,NA,NA,NA,NA,NA,NA,NA,NA,NA,NA
Atascadero Creek,AC_10,2025-06-27T00:00:00Z,Santiago Lupi,09:15:00,09:20:00,House Finch,C,20,C,NA,NA,NA,NA,NA,NA,NA,65,NA,0,NA,NA,NA,NA,80,NA,NA,100,0,NA,NA,NA,NA
Atascadero Creek,AC_10,2025-06-27T00:00:00Z,Santiago Lupi,09:15:00,09:20:00,Song Sparrow,S,40,S,NA,NA,NA,NA,NA,NA,NA,NA,NA,NA,NA,NA,NA,NA,NA,NA,NA,NA,NA,NA,NA,NA,NA
Atascadero Creek,AC_10,2025-06-27T00:00:00Z,Santiago Lupi,09:15:00,09:20:00,Common Yellowthroat,S,15,S,NA,NA,NA,NA,NA,NA,NA,NA,NA,NA,NA,NA,NA,NA,NA,NA,NA,NA,NA,NA,NA,NA,NA
Atascadero Creek,AC_10,2025-06-27T00:00:00Z,Santiago Lupi,09:15:00,09:20:00,Wrentit,S,30,S,NA,NA,NA,NA,NA,NA,NA,NA,NA,NA,NA,NA,NA,NA,NA,NA,NA,NA,NA,NA,NA,NA,NA
Atascadero Creek,AC_10,2025-06-27T00:00:00Z,Santiago Lupi,09:15:00,09:20:00,Oak Titmouse,C,20,C,NA,NA,NA,NA,NA,NA,NA,NA,NA,NA,NA,NA,NA,NA,NA,NA,NA,NA,NA,NA,NA,NA,NA
Atascadero Creek,AC_10,2025-06-27T00:00:00Z,Santiago Lupi,09:15:00,09:20:00,Bushtit,C,16,V,NA,NA,Salix lasiolepsis,NA,NA,NA,NA,NA,NA,NA,NA,NA,NA,NA,NA,NA,NA,NA,NA,NA,NA,NA,NA
Atascadero Creek,AC_10,2025-06-27T00:00:00Z,Santiago Lupi,09:15:00,09:20:00,Bushtit,V,8,C,NA,NA,quercus agrifolia,NA,NA,yes,NA,NA,NA,NA,NA,NA,NA,NA,NA,NA,NA,NA,NA,NA,NA,NA,NA
Atascadero Creek,AC_05,2025-06-27T00:00:00Z,Santiago Lupi,09:39:00,09:44:00,Common Yellowthroat,S,17,S,NA,NA,NA,NA,NA,NA,NA,66,NA,0,NA,NA,NA,NA,77,NA,NA,100,0,NA,NA,NA,NA
Atascadero Creek,AC_05,2025-06-27T00:00:00Z,Santiago Lupi,09:39:00,09:44:00,Northern Mockingbird,S,30,S,NA,NA,NA,NA,NA,NA,NA,NA,NA,NA,NA,NA,NA,NA,NA,NA,NA,NA,NA,NA,NA,NA,NA
Atascadero Creek,AC_05,2025-06-27T00:00:00Z,Santiago Lupi,09:39:00,09:44:00,Western Flycatcher,C,30,C,NA,NA,NA,NA,NA,NA,NA,NA,NA,NA,NA,NA,NA,NA,NA,NA,NA,NA,NA,NA,NA,NA,NA
Atascadero Creek,AC_05,2025-06-27T00:00:00Z,Santiago Lupi,09:39:00,09:44:00,Common Yellowthroat,S,30,S,NA,NA,NA,NA,NA,NA,NA,NA,NA,NA,NA,NA,NA,NA,NA,NA,NA,NA,NA,NA,NA,NA,NA
Atascadero Creek,AC_05,2025-06-27T00:00:00Z,Santiago Lupi,09:39:00,09:44:00,Song Sparrow,S,20,S,NA,NA,NA,NA,NA,NA,NA,NA,NA,NA,NA,NA,NA,NA,NA,NA,NA,NA,NA,NA,NA,NA,NA
Atascadero Creek,AC_05,2025-06-27T00:00:00Z,Santiago Lupi,09:39:00,09:44:00,Song Sparrow,S,10,S,NA,NA,NA,NA,NA,NA,NA,NA,NA,NA,NA,NA,NA,NA,NA,NA,NA,NA,NA,NA,NA,NA,NA
Atascadero Creek,AC_05,2025-06-27T00:00:00Z,Santiago Lupi,09:39:00,09:44:00,Dark-eyed Junco,S,20,S,NA,NA,NA,NA,NA,yes,NA,NA,NA,NA,NA,NA,NA,NA,NA,NA,NA,NA,NA,NA,NA,NA,NA
Atascadero Creek,AC_05,2025-06-27T00:00:00Z,Santiago Lupi,09:39:00,09:44:00,American Crow,C,20,C,NA,NA,NA,NA,NA,yes,NA,NA,NA,NA,NA,NA,NA,NA,NA,NA,NA,NA,NA,NA,NA,NA,NA
Atascadero Creek,AC_05,2025-06-27T00:00:00Z,Santiago Lupi,09:39:00,09:44:00,Spotted Towhee,S,25,S,NA,NA,NA,NA,NA,yes,NA,NA,NA,NA,NA,NA,NA,NA,NA,NA,NA,NA,NA,NA,NA,NA,NA
Atascadero Creek,AC_02,2025-06-27T00:00:00Z,Santiago Lupi,10:04:00,10:09:00,Cassin's Kingbird,C,25,C,NA,NA,NA,NA,NA,NA,NA,66,NA,0,NA,NA,NA,NA,77,NA,NA,100,0,NA,NA,NA,NA
Atascadero Creek,AC_02,2025-06-27T00:00:00Z,Santiago Lupi,10:04:00,10:09:00,Spotted Towhee,C,10,C,NA,NA,NA,NA,NA,NA,NA,NA,NA,NA,NA,NA,NA,NA,NA,NA,NA,NA,NA,NA,NA,NA,NA
Atascadero Creek,AC_02,2025-06-27T00:00:00Z,Santiago Lupi,10:04:00,10:09:00,Black-headed Grosbeak,S,20,S,NA,NA,NA,NA,NA,NA,NA,NA,NA,NA,NA,NA,NA,NA,NA,NA,NA,NA,NA,NA,NA,NA,NA
Atascadero Creek,AC_02,2025-06-27T00:00:00Z,Santiago Lupi,10:04:00,10:09:00,Orange-crowned Warbler,S,20,S,NA,NA,NA,NA,NA,NA,NA,NA,NA,NA,NA,NA,NA,NA,NA,NA,NA,NA,NA,NA,NA,NA,NA
Atascadero Creek,AC_02,2025-06-27T00:00:00Z,Santiago Lupi,10:04:00,10:09:00,Western Flycatcher,C,10,C,NA,NA,NA,NA,NA,NA,NA,NA,NA,NA,NA,NA,NA,NA,NA,NA,NA,NA,NA,NA,NA,NA,NA
Atascadero Creek,AC_02,2025-06-27T00:00:00Z,Santiago Lupi,10:04:00,10:09:00,Common Yellowthroat,S,20,S,NA,NA,Quercus agrifolia,NA,NA,NA,NA,NA,NA,NA,NA,NA,NA,NA,NA,NA,NA,NA,NA,NA,NA,NA,NA
Atascadero Creek,AC_02,2025-06-27T00:00:00Z,Santiago Lupi,10:04:00,10:09:00,Song Sparrow,V,30,V,NA,NA,NA,NA,NA,NA,NA,NA,NA,NA,NA,NA,NA,NA,NA,NA,NA,NA,NA,NA,recently fledged bird,NA,NA
Atascadero Creek,AC_02,2025-06-27T00:00:00Z,Santiago Lupi,10:04:00,10:09:00,Wilson's Warbler,S,25,S,NA,NA,NA,NA,NA,NA,NA,NA,NA,NA,NA,NA,NA,NA,NA,NA,NA,NA,NA,NA,NA,NA,NA
Atascadero Creek,AC_02,2025-06-27T00:00:00Z,Santiago Lupi,10:04:00,10:09:00,American Robin,C,10,C,NA,NA,NA,NA,NA,yes,NA,NA,NA,NA,NA,NA,NA,NA,NA,NA,NA,NA,NA,NA,NA,NA,NA
Atascadero Creek,AC_02,2025-06-27T00:00:00Z,Santiago Lupi,10:04:00,10:09:00,Anna's Hummingbird,V,10,V,NA,NA,populus trichocarpa,NA,NA,yes,NA,NA,NA,NA,NA,NA,NA,NA,NA,NA,NA,NA,NA,NA,NA,NA,NA
Atascadero Creek,AC_12,2025-07-01T00:00:00Z,"Santiago Lupi, Toby Fowler",08:49:00,08:54:00,Cassin's Kingbird,C,20,C,NA,NA,NA,NA,NA,NA,NA,62,NA,1,NA,NA,NA,NA,75,NA,NA,100,0,NA,NA,NA,NA
Atascadero Creek,AC_12,2025-07-01T00:00:00Z,"Santiago Lupi, Toby Fowler",08:49:00,08:54:00,Cassin's Kingbird,C,30,C,NA,NA,NA,NA,NA,NA,NA,NA,NA,NA,NA,NA,NA,NA,NA,NA,NA,NA,NA,NA,NA,NA,NA
Atascadero Creek,AC_12,2025-07-01T00:00:00Z,"Santiago Lupi, Toby Fowler",08:49:00,08:54:00,House Finch,V,10,V,NA,NA,NA,NA,NA,NA,NA,NA,NA,NA,NA,NA,NA,NA,NA,NA,NA,NA,NA,NA,NA,NA,NA
Atascadero Creek,AC_12,2025-07-01T00:00:00Z,"Santiago Lupi, Toby Fowler",08:49:00,08:54:00,Wrentit,V,10,S,NA,NA,NA,NA,NA,NA,NA,NA,NA,NA,NA,NA,NA,NA,NA,NA,NA,NA,NA,NA,NA,NA,NA
Atascadero Creek,AC_12,2025-07-01T00:00:00Z,"Santiago Lupi, Toby Fowler",08:49:00,08:54:00,Spotted Towhee,C,20,C,NA,NA,NA,NA,NA,NA,NA,NA,NA,NA,NA,NA,NA,NA,NA,NA,NA,NA,NA,NA,NA,NA,NA
Atascadero Creek,AC_12,2025-07-01T00:00:00Z,"Santiago Lupi, Toby Fowler",08:49:00,08:54:00,Anna's Hummingbird,C,10,C,NA,NA,NA,NA,NA,NA,NA,NA,NA,NA,NA,NA,NA,NA,NA,NA,NA,NA,NA,NA,NA,NA,NA
Atascadero Creek,AC_12,2025-07-01T00:00:00Z,"Santiago Lupi, Toby Fowler",08:49:00,08:54:00,Northern Mockingbird,S,40,S,NA,NA,NA,NA,NA,NA,NA,NA,NA,NA,NA,NA,NA,NA,NA,NA,NA,NA,NA,NA,NA,NA,NA
Atascadero Creek,AC_12,2025-07-01T00:00:00Z,"Santiago Lupi, Toby Fowler",08:49:00,08:54:00,Common Yellowthroat,S,30,S,NA,NA,NA,NA,NA,NA,NA,NA,NA,NA,NA,NA,NA,NA,NA,NA,NA,NA,NA,NA,NA,NA,NA
Atascadero Creek,AC_12,2025-07-01T00:00:00Z,"Santiago Lupi, Toby Fowler",08:49:00,08:54:00,American Crow,C,20,C,NA,NA,NA,NA,NA,NA,NA,NA,NA,NA,NA,NA,NA,NA,NA,NA,NA,NA,NA,NA,NA,NA,NA
Atascadero Creek,AC_12,2025-07-01T00:00:00Z,"Santiago Lupi, Toby Fowler",08:49:00,08:54:00,Mourning Dove,S,40,S,NA,NA,NA,NA,NA,yes,NA,NA,NA,NA,NA,NA,NA,NA,NA,NA,NA,NA,NA,NA,NA,NA,NA
Atascadero Creek,AC_12,2025-07-01T00:00:00Z,"Santiago Lupi, Toby Fowler",08:49:00,08:54:00,Anna's Hummingbird,S,20,S,NA,NA,NA,NA,NA,yes,NA,NA,NA,NA,NA,NA,NA,NA,NA,NA,NA,NA,NA,NA,NA,NA,NA
Atascadero Creek,AC_10,2025-07-01T00:00:00Z,"Santiago Lupi, Toby Fowler",09:05:00,09:10:00,California Scrub-Jay,C,43,C,NA,NA,NA,NA,NA,NA,NA,62,NA,1,NA,NA,NA,NA,76,NA,NA,100,0,NA,NA,NA,NA
Atascadero Creek,AC_10,2025-07-01T00:00:00Z,"Santiago Lupi, Toby Fowler",09:05:00,09:10:00,Oak Titmouse,C,20,C,NA,NA,NA,NA,NA,NA,NA,NA,NA,NA,NA,NA,NA,NA,NA,NA,NA,NA,NA,NA,NA,NA,NA
Atascadero Creek,AC_10,2025-07-01T00:00:00Z,"Santiago Lupi, Toby Fowler",09:05:00,09:10:00,Eurasian Collared-Dove,C,40,C,NA,NA,NA,NA,NA,NA,NA,NA,NA,NA,NA,NA,NA,NA,NA,NA,NA,NA,NA,NA,NA,NA,NA
Atascadero Creek,AC_10,2025-07-01T00:00:00Z,"Santiago Lupi, Toby Fowler",09:05:00,09:10:00,Anna's Hummingbird,C,20,C,NA,NA,NA,NA,NA,NA,NA,NA,NA,NA,NA,NA,NA,NA,NA,NA,NA,NA,NA,NA,NA,NA,NA
Atascadero Creek,AC_10,2025-07-01T00:00:00Z,"Santiago Lupi, Toby Fowler",09:05:00,09:10:00,Orange-crowned Warbler,C,20,C,NA,NA,NA,NA,NA,NA,NA,NA,NA,NA,NA,NA,NA,NA,NA,NA,NA,NA,NA,NA,NA,NA,NA
Atascadero Creek,AC_10,2025-07-01T00:00:00Z,"Santiago Lupi, Toby Fowler",09:05:00,09:10:00,Lesser Goldfinch,F,25,F,NA,NA,NA,NA,NA,NA,NA,NA,NA,NA,NA,NA,NA,NA,NA,NA,NA,NA,NA,NA,NA,NA,NA
Atascadero Creek,AC_10,2025-07-01T00:00:00Z,"Santiago Lupi, Toby Fowler",09:05:00,09:10:00,House Sparrow,C,30,C,NA,NA,NA,NA,NA,NA,NA,NA,NA,NA,NA,NA,NA,NA,NA,NA,NA,NA,NA,NA,NA,NA,NA
Atascadero Creek,AC_10,2025-07-01T00:00:00Z,"Santiago Lupi, Toby Fowler",09:05:00,09:10:00,House Finch,F,20,C,NA,NA,NA,NA,NA,yes,NA,NA,NA,NA,NA,NA,NA,NA,NA,NA,NA,NA,NA,NA,NA,NA,NA
Atascadero Creek,AC_10,2025-07-01T00:00:00Z,"Santiago Lupi, Toby Fowler",09:05:00,09:10:00,Chestnut-backed Chickadee,C,20,C,NA,NA,NA,NA,NA,yes,NA,NA,NA,NA,NA,NA,NA,NA,NA,NA,NA,NA,NA,NA,NA,NA,NA
Atascadero Creek,AC_10,2025-07-01T00:00:00Z,"Santiago Lupi, Toby Fowler",09:05:00,09:10:00,Western Flycatcher,C,20,C,NA,NA,NA,NA,NA,yes,NA,NA,NA,NA,NA,NA,NA,NA,NA,NA,NA,NA,NA,NA,NA,NA,NA
Atascadero Creek,AC_10,2025-07-01T00:00:00Z,"Santiago Lupi, Toby Fowler",09:05:00,09:10:00,California Towhee,C,20,C,NA,NA,NA,NA,NA,yes,NA,NA,NA,NA,NA,NA,NA,NA,NA,NA,NA,NA,NA,NA,NA,NA,NA
Atascadero Creek,AC_05,2025-07-01T00:00:00Z,"Santiago Lupi, Toby Fowler",09:21:00,09:26:00,Common Yellowthroat,V,15,V,NA,NA,Platanus racemosa,NA,NA,NA,NA,63,NA,1,NA,NA,NA,NA,77,NA,NA,100,0,NA,NA,NA,NA
Atascadero Creek,AC_05,2025-07-01T00:00:00Z,"Santiago Lupi, Toby Fowler",09:21:00,09:26:00,California Scrub-Jay,V,23,V,NA,NA,NA,NA,NA,NA,NA,NA,NA,NA,NA,NA,NA,NA,NA,NA,NA,NA,NA,NA,NA,NA,NA
Atascadero Creek,AC_05,2025-07-01T00:00:00Z,"Santiago Lupi, Toby Fowler",09:21:00,09:26:00,Common Yellowthroat,S,40,S,NA,NA,NA,NA,NA,NA,NA,NA,NA,NA,NA,NA,NA,NA,NA,NA,NA,NA,NA,NA,NA,NA,NA
Atascadero Creek,AC_05,2025-07-01T00:00:00Z,"Santiago Lupi, Toby Fowler",09:21:00,09:26:00,Common Yellowthroat,S,20,S,NA,NA,NA,NA,NA,NA,NA,NA,NA,NA,NA,NA,NA,NA,NA,NA,NA,NA,NA,NA,NA,NA,NA
Atascadero Creek,AC_05,2025-07-01T00:00:00Z,"Santiago Lupi, Toby Fowler",09:21:00,09:26:00,House Sparrow,C,40,C,NA,NA,NA,NA,NA,NA,NA,NA,NA,NA,NA,NA,NA,NA,NA,NA,NA,NA,NA,NA,NA,NA,NA
Atascadero Creek,AC_05,2025-07-01T00:00:00Z,"Santiago Lupi, Toby Fowler",09:21:00,09:26:00,Song Sparrow,S,30,S,NA,NA,NA,NA,NA,yes,NA,NA,NA,NA,NA,NA,NA,NA,NA,NA,NA,NA,NA,NA,NA,NA,NA
Atascadero Creek,AC_05,2025-07-01T00:00:00Z,"Santiago Lupi, Toby Fowler",09:21:00,09:26:00,Downy Woodpecker,S,20,S,NA,NA,NA,NA,NA,yes,NA,NA,NA,NA,NA,NA,NA,NA,NA,NA,NA,NA,NA,NA,NA,NA,NA
Atascadero Creek,AC_02,2025-07-01T00:00:00Z,"Santiago Lupi, Toby Fowler",09:50:00,09:55:00,American Robin,C,20,C,NA,NA,NA,NA,NA,NA,NA,63,NA,1,NA,NA,NA,NA,77,NA,NA,100,0,NA,NA,NA,NA
Atascadero Creek,AC_02,2025-07-01T00:00:00Z,"Santiago Lupi, Toby Fowler",09:50:00,09:55:00,Bushtit,C,10,C,NA,NA,NA,NA,NA,NA,NA,NA,NA,NA,NA,NA,NA,NA,NA,NA,NA,NA,NA,NA,NA,NA,NA
Atascadero Creek,AC_02,2025-07-01T00:00:00Z,"Santiago Lupi, Toby Fowler",09:50:00,09:55:00,House Finch,F,20,C,NA,NA,NA,NA,NA,NA,NA,NA,NA,NA,NA,NA,NA,NA,NA,NA,NA,NA,NA,NA,NA,NA,NA
Atascadero Creek,AC_02,2025-07-01T00:00:00Z,"Santiago Lupi, Toby Fowler",09:50:00,09:55:00,Orange-crowned Warbler,C,30,C,NA,NA,NA,NA,NA,NA,NA,NA,NA,NA,NA,NA,NA,NA,NA,NA,NA,NA,NA,NA,NA,NA,NA
Atascadero Creek,AC_02,2025-07-01T00:00:00Z,"Santiago Lupi, Toby Fowler",09:50:00,09:55:00,Cassin's Kingbird,C,30,C,NA,NA,NA,NA,NA,NA,NA,NA,NA,NA,NA,NA,NA,NA,NA,NA,NA,NA,NA,NA,NA,NA,NA
Atascadero Creek,AC_02,2025-07-01T00:00:00Z,"Santiago Lupi, Toby Fowler",09:50:00,09:55:00,Cassin's Kingbird,C,30,C,NA,NA,NA,NA,NA,NA,NA,NA,NA,NA,NA,NA,NA,NA,NA,NA,NA,NA,NA,NA,NA,NA,NA
Atascadero Creek,AC_02,2025-07-01T00:00:00Z,"Santiago Lupi, Toby Fowler",09:50:00,09:55:00,Yellow Warbler,S,20,S,NA,NA,NA,NA,NA,NA,NA,NA,NA,NA,NA,NA,NA,NA,NA,NA,NA,NA,NA,NA,NA,NA,NA
Atascadero Creek,AC_02,2025-07-01T00:00:00Z,"Santiago Lupi, Toby Fowler",09:50:00,09:55:00,Spotted Towhee,C,20,C,NA,NA,NA,NA,NA,NA,NA,NA,NA,NA,NA,NA,NA,NA,NA,NA,NA,NA,NA,NA,NA,NA,NA
Atascadero Creek,AC_02,2025-07-01T00:00:00Z,"Santiago Lupi, Toby Fowler",09:50:00,09:55:00,Black-headed Grosbeak,S,20,S,NA,NA,NA,NA,NA,NA,NA,NA,NA,NA,NA,NA,NA,NA,NA,NA,NA,NA,NA,NA,NA,NA,NA
Atascadero Creek,AC_02,2025-07-01T00:00:00Z,"Santiago Lupi, Toby Fowler",09:50:00,09:55:00,Song Sparrow,C,10,C,NA,NA,NA,NA,NA,NA,NA,NA,NA,NA,NA,NA,NA,NA,NA,NA,NA,NA,NA,NA,NA,NA,NA
Atascadero Creek,AC_02,2025-07-01T00:00:00Z,"Santiago Lupi, Toby Fowler",09:50:00,09:55:00,Orange-crowned Warbler,C,10,V,NA,NA,NA,NA,NA,yes,NA,NA,NA,NA,NA,NA,NA,NA,NA,NA,NA,NA,NA,NA,NA,NA,NA
Atascadero Creek,AC_02,2025-07-01T00:00:00Z,"Santiago Lupi, Toby Fowler",09:50:00,09:55:00,Common Yellowthroat,S,20,S,NA,NA,NA,NA,NA,yes,NA,NA,NA,NA,NA,NA,NA,NA,NA,NA,NA,NA,NA,NA,NA,NA,NA
Atascadero Creek,AC_02,2025-07-01T00:00:00Z,"Santiago Lupi, Toby Fowler",09:50:00,09:55:00,Hooded Oriole,C,20,C,NA,NA,NA,NA,NA,yes,NA,NA,NA,NA,NA,NA,NA,NA,NA,NA,NA,NA,NA,NA,NA,NA,NA
Ellwood,EW_01,2025-07-02T00:00:00Z,"Santiago Lupi, Toby Fowler",08:39:00,08:44:00,Spotted Towhee,S,15,S,NA,NA,NA,NA,NA,NA,NA,61,NA,0,NA,NA,NA,NA,83,NA,NA,100,0,NA,NA,NA,NA
Ellwood,EW_01,2025-07-02T00:00:00Z,"Santiago Lupi, Toby Fowler",08:39:00,08:44:00,Western Flycatcher,C,20,C,NA,NA,NA,NA,NA,NA,NA,NA,NA,NA,NA,NA,NA,NA,NA,NA,NA,NA,NA,NA,NA,NA,NA
Ellwood,EW_01,2025-07-02T00:00:00Z,"Santiago Lupi, Toby Fowler",08:39:00,08:44:00,Oak Titmouse,C,20,C,NA,NA,NA,NA,NA,NA,NA,NA,NA,NA,NA,NA,NA,NA,NA,NA,NA,NA,NA,NA,NA,NA,NA
Ellwood,EW_01,2025-07-02T00:00:00Z,"Santiago Lupi, Toby Fowler",08:39:00,08:44:00,Yellow Warbler,S,20,S,NA,NA,NA,NA,NA,NA,NA,NA,NA,NA,NA,NA,NA,NA,NA,NA,NA,NA,NA,NA,NA,NA,NA
Ellwood,EW_01,2025-07-02T00:00:00Z,"Santiago Lupi, Toby Fowler",08:39:00,08:44:00,Hutton's Vireo,C,10,C,NA,NA,NA,NA,NA,NA,NA,NA,NA,NA,NA,NA,NA,NA,NA,NA,NA,NA,NA,NA,NA,NA,NA
Ellwood,EW_01,2025-07-02T00:00:00Z,"Santiago Lupi, Toby Fowler",08:39:00,08:44:00,Yellow Warbler,C,25,C,NA,NA,NA,NA,NA,NA,NA,NA,NA,NA,NA,NA,NA,NA,NA,NA,NA,NA,NA,NA,NA,NA,NA
Ellwood,EW_01,2025-07-02T00:00:00Z,"Santiago Lupi, Toby Fowler",08:39:00,08:44:00,House Finch,S,30,S,NA,NA,NA,NA,NA,NA,NA,NA,NA,NA,NA,NA,NA,NA,NA,NA,NA,NA,NA,NA,NA,NA,NA
Ellwood,EW_01,2025-07-02T00:00:00Z,"Santiago Lupi, Toby Fowler",08:39:00,08:44:00,Allen's Hummingbird,C,20,C,NA,NA,NA,NA,NA,NA,NA,NA,NA,NA,NA,NA,NA,NA,NA,NA,NA,NA,NA,NA,NA,NA,NA
Ellwood,EW_01,2025-07-02T00:00:00Z,"Santiago Lupi, Toby Fowler",08:39:00,08:44:00,Cassin's Kingbird,C,20,C,NA,NA,NA,NA,NA,yes,NA,NA,NA,NA,NA,NA,NA,NA,NA,NA,NA,NA,NA,NA,NA,NA,NA
Ellwood,EW_01,2025-07-02T00:00:00Z,"Santiago Lupi, Toby Fowler",08:39:00,08:44:00,Acorn Woodpecker,V,39,V,NA,NA,NA,NA,NA,yes,NA,NA,NA,NA,NA,NA,NA,NA,NA,NA,NA,NA,NA,NA,NA,NA,NA
Ellwood,EW_01,2025-07-02T00:00:00Z,"Santiago Lupi, Toby Fowler",08:39:00,08:44:00,Mourning Dove,S,40,S,NA,NA,NA,NA,NA,yes,NA,NA,NA,NA,NA,NA,NA,NA,NA,NA,NA,NA,NA,NA,NA,NA,NA
Ellwood,EW_01,2025-07-02T00:00:00Z,"Santiago Lupi, Toby Fowler",08:39:00,08:44:00,Dark-eyed Junco,S,20,S,NA,NA,NA,NA,NA,yes,NA,NA,NA,NA,NA,NA,NA,NA,NA,NA,NA,NA,NA,NA,NA,NA,NA
Ellwood,EW_03,2025-07-02T00:00:00Z,Santiago Lupi,09:00:00,09:05:00,Downy Woodpecker,C,20,C,NA,NA,NA,NA,NA,NA,NA,62,NA,0,NA,NA,NA,NA,82,NA,NA,100,0,NA,NA,NA,NA
Ellwood,EW_03,2025-07-02T00:00:00Z,Santiago Lupi,09:00:00,09:05:00,Mourning Dove,S,40,S,NA,NA,NA,NA,NA,NA,NA,NA,NA,NA,NA,NA,NA,NA,NA,NA,NA,NA,NA,NA,NA,NA,NA
Ellwood,EW_03,2025-07-02T00:00:00Z,Santiago Lupi,09:00:00,09:05:00,Cassin's Kingbird,C,40,C,NA,NA,NA,NA,NA,NA,NA,NA,NA,NA,NA,NA,NA,NA,NA,NA,NA,NA,NA,NA,NA,NA,NA
Ellwood,EW_03,2025-07-02T00:00:00Z,Santiago Lupi,09:00:00,09:05:00,Bewick's Wren,S,20,S,NA,NA,NA,NA,NA,NA,NA,NA,NA,NA,NA,NA,NA,NA,NA,NA,NA,NA,NA,NA,NA,NA,NA
Ellwood,EW_03,2025-07-02T00:00:00Z,Santiago Lupi,09:00:00,09:05:00,California Towhee,V,2,V,NA,NA,NA,NA,NA,NA,NA,NA,NA,NA,NA,NA,NA,NA,NA,NA,NA,NA,NA,NA,NA,NA,NA
Ellwood,EW_03,2025-07-02T00:00:00Z,Santiago Lupi,09:00:00,09:05:00,Orange-crowned Warbler,S,30,S,NA,NA,NA,NA,NA,NA,NA,NA,NA,NA,NA,NA,NA,NA,NA,NA,NA,NA,NA,NA,NA,NA,NA
Ellwood,EW_03,2025-07-02T00:00:00Z,Santiago Lupi,09:00:00,09:05:00,House Finch,C,30,C,NA,NA,NA,NA,NA,NA,NA,NA,NA,NA,NA,NA,NA,NA,NA,NA,NA,NA,NA,NA,NA,NA,NA
Ellwood,EW_03,2025-07-02T00:00:00Z,Santiago Lupi,09:00:00,09:05:00,Yellow Warbler,S,30,S,NA,NA,NA,NA,NA,yes,NA,NA,NA,NA,NA,NA,NA,NA,NA,NA,NA,NA,NA,NA,NA,NA,NA
Ellwood,EW_03,2025-07-02T00:00:00Z,Santiago Lupi,09:00:00,09:05:00,Spotted Towhee,S,30,S,NA,NA,NA,NA,NA,yes,NA,NA,NA,NA,NA,NA,NA,NA,NA,NA,NA,NA,NA,NA,NA,NA,NA
Ellwood,EW_08,2025-07-02T00:00:00Z,Santiago Lupi,09:41:00,09:46:00,Yellow Warbler,S,30,S,NA,NA,NA,NA,NA,NA,NA,64,NA,1,NA,NA,NA,NA,81,NA,NA,100,0,NA,NA,NA,NA
Ellwood,EW_08,2025-07-02T00:00:00Z,Santiago Lupi,09:41:00,09:46:00,Allen's Hummingbird,C,20,C,NA,NA,NA,NA,NA,NA,NA,NA,NA,NA,NA,NA,NA,NA,NA,NA,NA,NA,NA,NA,NA,NA,NA
Ellwood,EW_08,2025-07-02T00:00:00Z,Santiago Lupi,09:41:00,09:46:00,Acorn Woodpecker,V,72,C,NA,NA,eucalyptus globulus,NA,NA,NA,NA,NA,NA,NA,NA,NA,NA,NA,NA,NA,NA,NA,NA,NA,NA,NA,NA
Ellwood,EW_08,2025-07-02T00:00:00Z,Santiago Lupi,09:41:00,09:46:00,Hutton's Vireo,C,15,C,NA,NA,quercus agrifolia,NA,NA,NA,NA,NA,NA,NA,NA,NA,NA,NA,NA,NA,NA,NA,NA,NA,NA,NA,NA
Ellwood,EW_08,2025-07-02T00:00:00Z,Santiago Lupi,09:41:00,09:46:00,Spotted Towhee,S,30,S,NA,NA,NA,NA,NA,NA,NA,NA,NA,NA,NA,NA,NA,NA,NA,NA,NA,NA,NA,NA,NA,NA,NA
Ellwood,EW_08,2025-07-02T00:00:00Z,Santiago Lupi,09:41:00,09:46:00,Mourning Dove,V,90,S,NA,NA,eucalyptus globulus,NA,NA,NA,NA,NA,NA,NA,NA,NA,NA,NA,NA,NA,NA,NA,NA,NA,NA,NA,NA
Ellwood,EW_08,2025-07-02T00:00:00Z,Santiago Lupi,09:41:00,09:46:00,Downy Woodpecker,C,20,C,NA,NA,NA,NA,NA,NA,NA,NA,NA,NA,NA,NA,NA,NA,NA,NA,NA,NA,NA,NA,NA,NA,NA
Ellwood,EW_08,2025-07-02T00:00:00Z,Santiago Lupi,09:41:00,09:46:00,Oak Titmouse,C,10,C,NA,NA,NA,NA,NA,NA,NA,NA,NA,NA,NA,NA,NA,NA,NA,NA,NA,NA,NA,NA,NA,NA,NA
Ellwood,EW_08,2025-07-02T00:00:00Z,Santiago Lupi,09:41:00,09:46:00,Western Flycatcher,C,30,C,NA,NA,NA,NA,NA,yes,NA,NA,NA,NA,NA,NA,NA,NA,NA,NA,NA,NA,NA,NA,NA,NA,NA
Ellwood,EW_08,2025-07-02T00:00:00Z,Santiago Lupi,09:41:00,09:46:00,Purple Finch,S,30,S,NA,NA,NA,NA,NA,yes,NA,NA,NA,NA,NA,NA,NA,NA,NA,NA,NA,NA,NA,NA,NA,NA,NA
Ellwood,EW_08,2025-07-02T00:00:00Z,Santiago Lupi,09:41:00,09:46:00,Dark-eyed Junco,S,30,S,NA,NA,NA,NA,NA,yes,NA,NA,NA,NA,NA,NA,NA,NA,NA,NA,NA,NA,NA,NA,NA,NA,NA
Ellwood,EW_08,2025-07-02T00:00:00Z,Santiago Lupi,09:41:00,09:46:00,Cassin's Kingbird,C,40,C,NA,NA,NA,NA,NA,yes,NA,NA,NA,NA,NA,NA,NA,NA,NA,NA,NA,NA,NA,NA,NA,NA,NA
Ellwood,EW_09,2025-07-02T00:00:00Z,Santiago Lupi,09:57:00,10:02:00,Oak Titmouse,C,30,C,NA,NA,NA,NA,NA,NA,NA,65,NA,1,NA,NA,NA,NA,80,NA,NA,100,0,NA,NA,NA,NA
Ellwood,EW_09,2025-07-02T00:00:00Z,Santiago Lupi,09:57:00,10:02:00,Acorn Woodpecker,V,30,C,NA,NA,eucalyptus globulus,NA,NA,NA,NA,NA,NA,NA,NA,NA,NA,NA,NA,NA,NA,NA,NA,NA,NA,NA,NA
Ellwood,EW_09,2025-07-02T00:00:00Z,Santiago Lupi,09:57:00,10:02:00,Western Flycatcher,C,20,C,NA,NA,NA,NA,NA,NA,NA,NA,NA,NA,NA,NA,NA,NA,NA,NA,NA,NA,NA,NA,NA,NA,NA
Ellwood,EW_09,2025-07-02T00:00:00Z,Santiago Lupi,09:57:00,10:02:00,Allen's Hummingbird,V,10,V,NA,NA,quercus agrifolia,NA,NA,NA,NA,NA,NA,NA,NA,NA,NA,NA,NA,NA,NA,NA,NA,NA,NA,NA,NA
Ellwood,EW_09,2025-07-02T00:00:00Z,Santiago Lupi,09:57:00,10:02:00,Hooded Oriole,V,20,V,NA,NA,NA,NA,NA,NA,NA,NA,NA,NA,NA,NA,NA,NA,NA,NA,NA,NA,NA,NA,NA,NA,NA
Ellwood,EW_09,2025-07-02T00:00:00Z,Santiago Lupi,09:57:00,10:02:00,Lesser Goldfinch,C,20,C,NA,NA,NA,NA,NA,NA,NA,NA,NA,NA,NA,NA,NA,NA,NA,NA,NA,NA,NA,NA,NA,NA,NA
Ellwood,EW_09,2025-07-02T00:00:00Z,Santiago Lupi,09:57:00,10:02:00,House Finch,S,30,S,NA,NA,NA,NA,NA,NA,NA,NA,NA,NA,NA,NA,NA,NA,NA,NA,NA,NA,NA,NA,NA,NA,NA
Ellwood,EW_09,2025-07-02T00:00:00Z,Santiago Lupi,09:57:00,10:02:00,Scaly-breasted Munia,V,30,V,NA,NA,NA,NA,NA,NA,NA,NA,NA,NA,NA,NA,NA,NA,NA,NA,NA,NA,NA,NA,NA,NA,NA
Ellwood,EW_09,2025-07-02T00:00:00Z,Santiago Lupi,09:57:00,10:02:00,Wrentit,S,18.5,V,NA,NA,"eucalyptus globulus, quercus agrifolia",NA,NA,NA,NA,NA,NA,NA,NA,NA,NA,NA,NA,NA,NA,NA,NA,NA,NA,NA,NA
Ellwood,EW_09,2025-07-02T00:00:00Z,Santiago Lupi,09:57:00,10:02:00,California Towhee,V,20,V,NA,NA,NA,NA,NA,NA,NA,NA,NA,NA,NA,NA,NA,NA,NA,NA,NA,NA,NA,NA,NA,NA,NA
Ellwood,EW_09,2025-07-02T00:00:00Z,Santiago Lupi,09:57:00,10:02:00,Mourning Dove,S,40,S,NA,NA,NA,NA,NA,NA,NA,NA,NA,NA,NA,NA,NA,NA,NA,NA,NA,NA,NA,NA,NA,NA,NA
Atascadero Creek,AC_02,2025-07-15T00:00:00Z,"Santiago Lupi, Toby Fowler",08:57:00,09:02:00,House Finch,C,25,C,NA,NA,NA,NA,NA,NA,NA,61,NA,1,NA,NA,NA,NA,90,NA,NA,100,0,NA,NA,plane flying over for first ~20 seconds of point count,NA
Atascadero Creek,AC_02,2025-07-15T00:00:00Z,"Santiago Lupi, Toby Fowler",08:57:00,09:02:00,Hooded Oriole,C,20,C,NA,NA,NA,NA,NA,NA,NA,NA,NA,NA,NA,NA,NA,NA,NA,NA,NA,NA,NA,NA,NA,NA,NA
Atascadero Creek,AC_02,2025-07-15T00:00:00Z,"Santiago Lupi, Toby Fowler",08:57:00,09:02:00,American Robin,S,20,S,NA,NA,NA,NA,NA,NA,NA,NA,NA,NA,NA,NA,NA,NA,NA,NA,NA,NA,NA,NA,NA,NA,NA
Atascadero Creek,AC_02,2025-07-15T00:00:00Z,"Santiago Lupi, Toby Fowler",08:57:00,09:02:00,Spotted Towhee,S,25,S,NA,NA,NA,NA,NA,NA,NA,NA,NA,NA,NA,NA,NA,NA,NA,NA,NA,NA,NA,NA,NA,NA,NA
Atascadero Creek,AC_02,2025-07-15T00:00:00Z,"Santiago Lupi, Toby Fowler",08:57:00,09:02:00,House Finch,S,25,S,NA,NA,NA,NA,NA,yes,NA,NA,NA,NA,NA,NA,NA,NA,NA,NA,NA,NA,NA,NA,NA,NA,NA
Atascadero Creek,AC_02,2025-07-15T00:00:00Z,"Santiago Lupi, Toby Fowler",08:57:00,09:02:00,Common Yellowthroat,C,20,C,NA,NA,NA,NA,NA,yes,NA,NA,NA,NA,NA,NA,NA,NA,NA,NA,NA,NA,NA,NA,NA,NA,NA
Atascadero Creek,AC_02,2025-07-15T00:00:00Z,"Santiago Lupi, Toby Fowler",08:57:00,09:02:00,Cassin's Kingbird,C,30,C,NA,NA,NA,NA,NA,yes,NA,NA,NA,NA,NA,NA,NA,NA,NA,NA,NA,NA,NA,NA,NA,NA,NA
Atascadero Creek,AC_02,2025-07-15T00:00:00Z,"Santiago Lupi, Toby Fowler",08:57:00,09:02:00,Northern Mockingbird,S,40,S,NA,NA,NA,NA,NA,yes,NA,NA,NA,NA,NA,NA,NA,NA,NA,NA,NA,NA,NA,NA,NA,NA,NA
Atascadero Creek,AC_02,2025-07-15T00:00:00Z,"Santiago Lupi, Toby Fowler",08:57:00,09:02:00,Black Phoebe,C,15,C,NA,NA,NA,NA,NA,yes,NA,NA,NA,NA,NA,NA,NA,NA,NA,NA,NA,NA,NA,NA,NA,NA,NA
Atascadero Creek,AC_05,2025-07-15T00:00:00Z,Santiago Lupi,09:21:00,09:26:00,Bewick's Wren,C,10,C,NA,NA,NA,NA,NA,NA,NA,64,NA,1,NA,NA,NA,NA,80,NA,NA,100,0,NA,NA,NA,NA
Atascadero Creek,AC_05,2025-07-15T00:00:00Z,Santiago Lupi,09:21:00,09:26:00,Northern Mockingbird,S,50,S,NA,NA,NA,NA,NA,NA,NA,NA,NA,NA,NA,NA,NA,NA,NA,NA,NA,NA,NA,NA,NA,NA,NA
Atascadero Creek,AC_05,2025-07-15T00:00:00Z,Santiago Lupi,09:21:00,09:26:00,Spotted Towhee,C,20,C,NA,NA,NA,NA,NA,NA,NA,NA,NA,NA,NA,NA,NA,NA,NA,NA,NA,NA,NA,NA,NA,NA,NA
Atascadero Creek,AC_05,2025-07-15T00:00:00Z,Santiago Lupi,09:21:00,09:26:00,Western Flycatcher,C,20,C,NA,NA,NA,NA,NA,NA,NA,NA,NA,NA,NA,NA,NA,NA,NA,NA,NA,NA,NA,NA,NA,NA,NA
Atascadero Creek,AC_05,2025-07-15T00:00:00Z,Santiago Lupi,09:21:00,09:26:00,Barn Swallow,S,15,S,NA,NA,NA,NA,NA,NA,NA,NA,NA,NA,NA,NA,NA,NA,NA,NA,NA,NA,NA,NA,NA,NA,NA
Atascadero Creek,AC_05,2025-07-15T00:00:00Z,Santiago Lupi,09:21:00,09:26:00,Common Yellowthroat,C,20,C,NA,NA,NA,NA,NA,NA,NA,NA,NA,NA,NA,NA,NA,NA,NA,NA,NA,NA,NA,NA,NA,NA,NA
Atascadero Creek,AC_05,2025-07-15T00:00:00Z,Santiago Lupi,09:21:00,09:26:00,Dark-eyed Junco,S,20,S,NA,NA,NA,NA,NA,yes,NA,NA,NA,NA,NA,NA,NA,NA,NA,NA,NA,NA,NA,NA,NA,NA,NA
Atascadero Creek,AC_05,2025-07-15T00:00:00Z,Santiago Lupi,09:21:00,09:26:00,Orange-crowned Warbler,C,15,C,NA,NA,NA,NA,NA,yes,NA,NA,NA,NA,NA,NA,NA,NA,NA,NA,NA,NA,NA,NA,NA,NA,NA
Atascadero Creek,AC_05,2025-07-15T00:00:00Z,Santiago Lupi,09:21:00,09:26:00,House Finch,C,20,C,NA,NA,NA,NA,NA,yes,NA,NA,NA,NA,NA,NA,NA,NA,NA,NA,NA,NA,NA,NA,NA,NA,NA
Atascadero Creek,AC_10,2025-07-15T00:00:00Z,Santiago Lupi,09:47:00,09:52:00,Hairy Woodpecker,C,15,C,NA,NA,NA,NA,NA,NA,NA,66,NA,1,NA,NA,NA,NA,67,NA,NA,100,0,NA,NA,cat in area right before point count,NA
Atascadero Creek,AC_10,2025-07-15T00:00:00Z,Santiago Lupi,09:47:00,09:52:00,Lesser Goldfinch,F,10,F,NA,NA,NA,NA,NA,NA,NA,NA,NA,NA,NA,NA,NA,NA,NA,NA,NA,NA,NA,NA,NA,NA,NA
Atascadero Creek,AC_10,2025-07-15T00:00:00Z,Santiago Lupi,09:47:00,09:52:00,California Towhee,C,10,C,NA,NA,NA,NA,NA,NA,NA,NA,NA,NA,NA,NA,NA,NA,NA,NA,NA,NA,NA,NA,NA,NA,NA
Atascadero Creek,AC_10,2025-07-15T00:00:00Z,Santiago Lupi,09:47:00,09:52:00,Cliff Swallow,V,15,F,NA,NA,NA,NA,NA,NA,NA,NA,NA,NA,NA,NA,NA,NA,NA,NA,NA,NA,NA,NA,NA,NA,NA
Atascadero Creek,AC_10,2025-07-15T00:00:00Z,Santiago Lupi,09:47:00,09:52:00,Anna's Hummingbird,C,15,C,NA,NA,NA,NA,NA,NA,NA,NA,NA,NA,NA,NA,NA,NA,NA,NA,NA,NA,NA,NA,NA,NA,NA
Atascadero Creek,AC_10,2025-07-15T00:00:00Z,Santiago Lupi,09:47:00,09:52:00,Orange-crowned Warbler,S,20,S,NA,NA,NA,NA,NA,NA,NA,NA,NA,NA,NA,NA,NA,NA,NA,NA,NA,NA,NA,NA,NA,NA,NA
Atascadero Creek,AC_10,2025-07-15T00:00:00Z,Santiago Lupi,09:47:00,09:52:00,Spotted Towhee,S,30,S,NA,NA,NA,NA,NA,yes,NA,NA,NA,NA,NA,NA,NA,NA,NA,NA,NA,NA,NA,NA,NA,NA,NA
Atascadero Creek,AC_10,2025-07-15T00:00:00Z,Santiago Lupi,09:47:00,09:52:00,House Sparrow,C,20,C,NA,NA,NA,NA,NA,yes,NA,NA,NA,NA,NA,NA,NA,NA,NA,NA,NA,NA,NA,NA,NA,NA,NA
Atascadero Creek,AC_10,2025-07-15T00:00:00Z,Santiago Lupi,09:47:00,09:52:00,Western Flycatcher,C,20,C,NA,NA,NA,NA,NA,yes,NA,NA,NA,NA,NA,NA,NA,NA,NA,NA,NA,NA,NA,NA,NA,NA,NA
Atascadero Creek,AC_10,2025-07-15T00:00:00Z,Santiago Lupi,09:47:00,09:52:00,House Finch,V,10,F,NA,NA,NA,NA,NA,yes,NA,NA,NA,NA,NA,NA,NA,NA,NA,NA,NA,NA,NA,NA,NA,NA,NA
Atascadero Creek,AC_10,2025-07-15T00:00:00Z,Santiago Lupi,09:47:00,09:52:00,House Finch,V,10,F,NA,NA,NA,NA,NA,yes,NA,NA,NA,NA,NA,NA,NA,NA,NA,NA,NA,NA,NA,NA,NA,NA,NA
Atascadero Creek,AC_10,2025-07-15T00:00:00Z,Santiago Lupi,09:47:00,09:52:00,House Finch,V,10,F,NA,NA,NA,NA,NA,yes,NA,NA,NA,NA,NA,NA,NA,NA,NA,NA,NA,NA,NA,NA,NA,NA,NA
Atascadero Creek,AC_10,2025-07-15T00:00:00Z,Santiago Lupi,09:47:00,09:52:00,House Finch,V,10,F,NA,NA,NA,NA,NA,yes,NA,NA,NA,NA,NA,NA,NA,NA,NA,NA,NA,NA,NA,NA,NA,NA,NA
Atascadero Creek,AC_12,2025-07-15T00:00:00Z,Santiago Lupi,10:06:00,10:11:00,White-breasted Nuthatch,C,30,C,NA,NA,NA,NA,NA,NA,NA,66,NA,1,NA,NA,NA,NA,78,NA,NA,100,0,NA,NA,NA,NA
Atascadero Creek,AC_12,2025-07-15T00:00:00Z,Santiago Lupi,10:06:00,10:11:00,Hooded Oriole,C,6,V,NA,NA,NA,NA,NA,NA,NA,NA,NA,NA,NA,NA,NA,NA,NA,NA,NA,NA,NA,NA,NA,NA,NA
Atascadero Creek,AC_12,2025-07-15T00:00:00Z,Santiago Lupi,10:06:00,10:11:00,Spotted Towhee,S,10,C,NA,NA,NA,NA,NA,NA,NA,NA,NA,NA,NA,NA,NA,NA,NA,NA,NA,NA,NA,NA,NA,NA,NA
Atascadero Creek,AC_12,2025-07-15T00:00:00Z,Santiago Lupi,10:06:00,10:11:00,Spotted Towhee,S,10,S,NA,NA,NA,NA,NA,NA,NA,NA,NA,NA,NA,NA,NA,NA,NA,NA,NA,NA,NA,NA,NA,NA,NA
Atascadero Creek,AC_12,2025-07-15T00:00:00Z,Santiago Lupi,10:06:00,10:11:00,Wrentit,S,30,S,NA,NA,NA,NA,NA,NA,NA,NA,NA,NA,NA,NA,NA,NA,NA,NA,NA,NA,NA,NA,NA,NA,NA
Atascadero Creek,AC_12,2025-07-15T00:00:00Z,Santiago Lupi,10:06:00,10:11:00,California Scrub-Jay,C,30,C,NA,NA,NA,NA,NA,NA,NA,NA,NA,NA,NA,NA,NA,NA,NA,NA,NA,NA,NA,NA,NA,NA,NA
Atascadero Creek,AC_12,2025-07-15T00:00:00Z,Santiago Lupi,10:06:00,10:11:00,Orange-crowned Warbler,C,10,C,NA,NA,quercus agrifolia,NA,NA,NA,NA,NA,NA,NA,NA,NA,NA,NA,NA,NA,NA,NA,NA,NA,"two orange-crowned warblers in coast live oak, one adult and one recently fledged bird being fed",NA,NA
Atascadero Creek,AC_12,2025-07-15T00:00:00Z,Santiago Lupi,10:06:00,10:11:00,Orange-crowned Warbler,C,10,C,NA,NA,quercus agrifolia,NA,NA,NA,NA,NA,NA,NA,NA,NA,NA,NA,NA,NA,NA,NA,NA,NA,NA,NA,NA
Atascadero Creek,AC_12,2025-07-15T00:00:00Z,Santiago Lupi,10:06:00,10:11:00,Hairy Woodpecker,C,30,C,NA,NA,NA,NA,NA,NA,NA,NA,NA,NA,NA,NA,NA,NA,NA,NA,NA,NA,NA,NA,NA,NA,NA
Atascadero Creek,AC_12,2025-07-15T00:00:00Z,Santiago Lupi,10:06:00,10:11:00,Scaly-breasted Munia,F,10,F,NA,NA,NA,NA,NA,NA,NA,NA,NA,NA,NA,NA,NA,NA,NA,NA,NA,NA,NA,NA,NA,NA,NA
Ellwood,EW_09,2025-07-16T00:00:00Z,"Santiago Lupi, Toby Fowler",08:58:00,09:05:00,Western Flycatcher,C,25,C,NA,NA,NA,NA,NA,NA,NA,62,NA,0,NA,NA,NA,NA,90,NA,NA,100,0,NA,NA,NA,NA
Ellwood,EW_09,2025-07-16T00:00:00Z,"Santiago Lupi, Toby Fowler",08:58:00,09:05:00,Bushtit,C,30,C,NA,NA,NA,NA,NA,NA,NA,NA,NA,NA,NA,NA,NA,NA,NA,NA,NA,NA,NA,NA,NA,NA,NA
Ellwood,EW_09,2025-07-16T00:00:00Z,"Santiago Lupi, Toby Fowler",08:58:00,09:05:00,House Finch,S,25,S,NA,NA,NA,NA,NA,NA,NA,NA,NA,NA,NA,NA,NA,NA,NA,NA,NA,NA,NA,NA,NA,NA,NA
Ellwood,EW_09,2025-07-16T00:00:00Z,"Santiago Lupi, Toby Fowler",08:58:00,09:05:00,Wrentit,S,20,S,NA,NA,NA,NA,NA,NA,NA,NA,NA,NA,NA,NA,NA,NA,NA,NA,NA,NA,NA,NA,NA,NA,NA
Ellwood,EW_09,2025-07-16T00:00:00Z,"Santiago Lupi, Toby Fowler",08:58:00,09:05:00,Scaly-breasted Munia,C,25,C,NA,NA,NA,NA,NA,NA,NA,NA,NA,NA,NA,NA,NA,NA,NA,NA,NA,NA,NA,NA,NA,NA,NA
Ellwood,EW_09,2025-07-16T00:00:00Z,"Santiago Lupi, Toby Fowler",08:58:00,09:05:00,Bushtit,C,30,C,NA,NA,NA,NA,NA,NA,NA,NA,NA,NA,NA,NA,NA,NA,NA,NA,NA,NA,NA,NA,NA,NA,NA
Ellwood,EW_09,2025-07-16T00:00:00Z,"Santiago Lupi, Toby Fowler",08:58:00,09:05:00,Oak Titmouse,C,25,C,NA,NA,NA,NA,NA,NA,NA,NA,NA,NA,NA,NA,NA,NA,NA,NA,NA,NA,NA,NA,NA,NA,NA
Ellwood,EW_09,2025-07-16T00:00:00Z,"Santiago Lupi, Toby Fowler",08:58:00,09:05:00,Purple Finch,S,15,S,NA,NA,NA,NA,NA,yes,NA,NA,NA,NA,NA,NA,NA,NA,NA,NA,NA,NA,NA,NA,NA,NA,NA
Ellwood,EW_09,2025-07-16T00:00:00Z,"Santiago Lupi, Toby Fowler",08:58:00,09:05:00,Acorn Woodpecker,C,40,C,NA,NA,NA,NA,NA,yes,NA,NA,NA,NA,NA,NA,NA,NA,NA,NA,NA,NA,NA,NA,NA,NA,NA
Ellwood,EW_09,2025-07-16T00:00:00Z,"Santiago Lupi, Toby Fowler",08:58:00,09:05:00,Lesser Goldfinch,C,20,C,NA,NA,NA,NA,NA,yes,NA,NA,NA,NA,NA,NA,NA,NA,NA,NA,NA,NA,NA,NA,NA,NA,NA
Ellwood,EW_08,2025-07-16T00:00:00Z,Santiago Lupi,09:13:00,09:18:00,Yellow Warbler,S,30,S,NA,NA,NA,NA,NA,NA,NA,62,NA,0,NA,NA,NA,NA,89,NA,NA,100,0,NA,NA,NA,NA
Ellwood,EW_08,2025-07-16T00:00:00Z,Santiago Lupi,09:13:00,09:18:00,Eurasian Collared-Dove,S,50,S,NA,NA,NA,NA,NA,NA,NA,NA,NA,NA,NA,NA,NA,NA,NA,NA,NA,NA,NA,NA,NA,NA,NA
Ellwood,EW_08,2025-07-16T00:00:00Z,Santiago Lupi,09:13:00,09:18:00,Western Flycatcher,V,12.5,V,NA,NA,Eucalyptus globulus,NA,NA,NA,NA,NA,NA,NA,NA,NA,NA,NA,NA,NA,NA,NA,NA,NA,NA,NA,NA
Ellwood,EW_08,2025-07-16T00:00:00Z,Santiago Lupi,09:13:00,09:18:00,Acorn Woodpecker,C,30,C,NA,NA,NA,NA,NA,NA,NA,NA,NA,NA,NA,NA,NA,NA,NA,NA,NA,NA,NA,NA,NA,NA,NA
Ellwood,EW_08,2025-07-16T00:00:00Z,Santiago Lupi,09:13:00,09:18:00,California Scrub-Jay,C,40,C,NA,NA,NA,NA,NA,NA,NA,NA,NA,NA,NA,NA,NA,NA,NA,NA,NA,NA,NA,NA,NA,NA,NA
Ellwood,EW_08,2025-07-16T00:00:00Z,Santiago Lupi,09:13:00,09:18:00,House Finch,C,30,C,NA,NA,NA,NA,NA,NA,NA,NA,NA,NA,NA,NA,NA,NA,NA,NA,NA,NA,NA,NA,NA,NA,NA
Ellwood,EW_08,2025-07-16T00:00:00Z,Santiago Lupi,09:13:00,09:18:00,Allen's Hummingbird,C,20,C,NA,NA,NA,NA,NA,NA,NA,NA,NA,NA,NA,NA,NA,NA,NA,NA,NA,NA,NA,NA,NA,NA,NA
Ellwood,EW_08,2025-07-16T00:00:00Z,Santiago Lupi,09:13:00,09:18:00,Hooded Oriole,C,20,C,NA,NA,NA,NA,NA,yes,NA,NA,NA,NA,NA,NA,NA,NA,NA,NA,NA,NA,NA,NA,NA,NA,NA
Ellwood,EW_08,2025-07-16T00:00:00Z,Santiago Lupi,09:13:00,09:18:00,Lesser Goldfinch,C,20,C,NA,NA,NA,NA,NA,yes,NA,NA,NA,NA,NA,NA,NA,NA,NA,NA,NA,NA,NA,NA,NA,NA,NA
Ellwood,EW_08,2025-07-16T00:00:00Z,Santiago Lupi,09:13:00,09:18:00,Scaly-breasted Munia,C,40,C,NA,NA,NA,NA,NA,yes,NA,NA,NA,NA,NA,NA,NA,NA,NA,NA,NA,NA,NA,NA,NA,NA,NA
Ellwood,EW_08,2025-07-16T00:00:00Z,Santiago Lupi,09:13:00,09:18:00,Yellow Warbler,S,30,S,NA,NA,NA,NA,NA,yes,NA,NA,NA,NA,NA,NA,NA,NA,NA,NA,NA,NA,NA,NA,NA,NA,NA
Ellwood,EW_01,2025-07-16T00:00:00Z,Santiago Lupi,09:34:00,09:39:00,Western Flycatcher,C,10,C,NA,NA,NA,NA,NA,NA,NA,63,NA,0,NA,NA,NA,NA,86,NA,NA,100,0,NA,NA,NA,NA
Ellwood,EW_01,2025-07-16T00:00:00Z,Santiago Lupi,09:34:00,09:39:00,Western Flycatcher,C,10,C,NA,NA,NA,NA,NA,NA,NA,NA,NA,NA,NA,NA,NA,NA,NA,NA,NA,NA,NA,NA,NA,NA,NA
Ellwood,EW_01,2025-07-16T00:00:00Z,Santiago Lupi,09:34:00,09:39:00,California Towhee,C,20,C,NA,NA,NA,NA,NA,NA,NA,NA,NA,NA,NA,NA,NA,NA,NA,NA,NA,NA,NA,NA,NA,NA,NA
Ellwood,EW_01,2025-07-16T00:00:00Z,Santiago Lupi,09:34:00,09:39:00,Eurasian Collared-Dove,S,40,S,NA,NA,NA,NA,NA,NA,NA,NA,NA,NA,NA,NA,NA,NA,NA,NA,NA,NA,NA,NA,NA,NA,NA
Ellwood,EW_01,2025-07-16T00:00:00Z,Santiago Lupi,09:34:00,09:39:00,Dark-eyed Junco,S,20,C,NA,NA,NA,NA,NA,yes,NA,NA,NA,NA,NA,NA,NA,NA,NA,NA,NA,NA,NA,NA,NA,NA,NA
Ellwood,EW_01,2025-07-16T00:00:00Z,Santiago Lupi,09:34:00,09:39:00,Allen's Hummingbird,C,15,C,NA,NA,NA,NA,NA,yes,NA,NA,NA,NA,NA,NA,NA,NA,NA,NA,NA,NA,NA,NA,NA,NA,NA
Ellwood,EW_01,2025-07-16T00:00:00Z,Santiago Lupi,09:34:00,09:39:00,Hutton's Vireo,S,30,S,NA,NA,NA,NA,NA,yes,NA,NA,NA,NA,NA,NA,NA,NA,NA,NA,NA,NA,NA,NA,NA,NA,NA
Ellwood,EW_01,2025-07-16T00:00:00Z,Santiago Lupi,09:34:00,09:39:00,Hutton's Vireo,C,20,C,NA,NA,NA,NA,NA,yes,NA,NA,NA,NA,NA,NA,NA,NA,NA,NA,NA,NA,NA,NA,NA,NA,NA
Ellwood,EW_01,2025-07-16T00:00:00Z,Santiago Lupi,09:34:00,09:39:00,Yellow Warbler,C,10,C,NA,NA,NA,NA,NA,yes,NA,NA,NA,NA,NA,NA,NA,NA,NA,NA,NA,NA,NA,NA,NA,NA,NA
Ellwood,EW_03,2025-07-16T00:00:00Z,Santiago Lupi,09:59:00,10:04:00,Western Flycatcher,C,20,C,NA,NA,NA,NA,NA,NA,NA,64,NA,0,NA,NA,NA,NA,85,NA,NA,100,0,NA,NA,NA,NA
Ellwood,EW_03,2025-07-16T00:00:00Z,Santiago Lupi,09:59:00,10:04:00,Bewick's Wren,C,10,C,NA,NA,NA,NA,NA,NA,NA,NA,NA,NA,NA,NA,NA,NA,NA,NA,NA,NA,NA,NA,NA,NA,NA
Ellwood,EW_03,2025-07-16T00:00:00Z,Santiago Lupi,09:59:00,10:04:00,Spotted Towhee,S,30,S,NA,NA,NA,NA,NA,NA,NA,NA,NA,NA,NA,NA,NA,NA,NA,NA,NA,NA,NA,NA,NA,NA,NA
Ellwood,EW_03,2025-07-16T00:00:00Z,Santiago Lupi,09:59:00,10:04:00,Mourning Dove,S,30,S,NA,NA,NA,NA,NA,NA,NA,NA,NA,NA,NA,NA,NA,NA,NA,NA,NA,NA,NA,NA,NA,NA,NA
Ellwood,EW_03,2025-07-16T00:00:00Z,Santiago Lupi,09:59:00,10:04:00,Oak Titmouse,C,20,C,NA,NA,NA,NA,NA,NA,NA,NA,NA,NA,NA,NA,NA,NA,NA,NA,NA,NA,NA,NA,NA,NA,NA
Ellwood,EW_03,2025-07-16T00:00:00Z,Santiago Lupi,09:59:00,10:04:00,Allen's Hummingbird,C,20,C,NA,NA,NA,NA,NA,NA,NA,NA,NA,NA,NA,NA,NA,NA,NA,NA,NA,NA,NA,NA,NA,NA,NA
Ellwood,EW_03,2025-07-16T00:00:00Z,Santiago Lupi,09:59:00,10:04:00,White-breasted Nuthatch,C,40,C,NA,NA,NA,NA,NA,NA,NA,NA,NA,NA,NA,NA,NA,NA,NA,NA,NA,NA,NA,NA,NA,NA,NA
Ellwood,EW_03,2025-07-16T00:00:00Z,Santiago Lupi,09:59:00,10:04:00,House Finch,C,20,S,NA,NA,NA,NA,NA,NA,NA,NA,NA,NA,NA,NA,NA,NA,NA,NA,NA,NA,NA,NA,NA,NA,NA
Ellwood,EW_03,2025-07-16T00:00:00Z,Santiago Lupi,09:59:00,10:04:00,Cassin's Kingbird,C,20,C,NA,NA,NA,NA,NA,yes,NA,NA,NA,NA,NA,NA,NA,NA,NA,NA,NA,NA,NA,NA,NA,NA,NA
Atascadero Creek,AC_12,2025-07-29T00:00:00Z,"Santiago Lupi, Toby Fowler",08:46:00,08:51:00,Eurasian Collared-Dove,S,30,S,NA,NA,NA,NA,NA,NA,NA,NA,67,2,NA,NA,NA,NA,NA,76,NA,100,0,NA,NA,NA,NA
Atascadero Creek,AC_12,2025-07-29T00:00:00Z,"Santiago Lupi, Toby Fowler",08:46:00,08:51:00,California Scrub-Jay,V,12,V,NA,NA,Quercus agrifolia,NA,NA,NA,NA,NA,NA,NA,NA,NA,NA,NA,NA,NA,NA,NA,NA,NA,NA,NA,NA
Atascadero Creek,AC_12,2025-07-29T00:00:00Z,"Santiago Lupi, Toby Fowler",08:46:00,08:51:00,Eurasian Collared-Dove,C,25,C,NA,NA,NA,NA,NA,NA,NA,NA,NA,NA,NA,NA,NA,NA,NA,NA,NA,NA,NA,NA,NA,NA,NA
Atascadero Creek,AC_12,2025-07-29T00:00:00Z,"Santiago Lupi, Toby Fowler",08:46:00,08:51:00,Scaly-breasted Munia,C,20,C,NA,NA,NA,NA,NA,NA,NA,NA,NA,NA,NA,NA,NA,NA,NA,NA,NA,NA,NA,NA,NA,NA,NA
Atascadero Creek,AC_12,2025-07-29T00:00:00Z,"Santiago Lupi, Toby Fowler",08:46:00,08:51:00,Anna's Hummingbird,C,10,C,NA,NA,NA,NA,NA,NA,NA,NA,NA,NA,NA,NA,NA,NA,NA,NA,NA,NA,NA,NA,NA,NA,NA
Atascadero Creek,AC_12,2025-07-29T00:00:00Z,"Santiago Lupi, Toby Fowler",08:46:00,08:51:00,Wrentit,S,30,S,NA,NA,NA,NA,NA,NA,NA,NA,NA,NA,NA,NA,NA,NA,NA,NA,NA,NA,NA,NA,NA,NA,NA
Atascadero Creek,AC_12,2025-07-29T00:00:00Z,"Santiago Lupi, Toby Fowler",08:46:00,08:51:00,Mourning Dove,F,15,F,NA,NA,NA,NA,NA,NA,NA,NA,NA,NA,NA,NA,NA,NA,NA,NA,NA,NA,NA,NA,NA,NA,NA
Atascadero Creek,AC_12,2025-07-29T00:00:00Z,"Santiago Lupi, Toby Fowler",08:46:00,08:51:00,House Finch,C,20,C,NA,NA,NA,NA,NA,NA,NA,NA,NA,NA,NA,NA,NA,NA,NA,NA,NA,NA,NA,NA,NA,NA,NA
Atascadero Creek,AC_12,2025-07-29T00:00:00Z,"Santiago Lupi, Toby Fowler",08:46:00,08:51:00,Spotted Towhee,C,15,C,NA,NA,NA,NA,NA,NA,NA,NA,NA,NA,NA,NA,NA,NA,NA,NA,NA,NA,NA,NA,NA,NA,yes
Atascadero Creek,AC_12,2025-07-29T00:00:00Z,"Santiago Lupi, Toby Fowler",08:46:00,08:51:00,Spotted Towhee,S,20,S,NA,NA,NA,NA,NA,NA,NA,NA,NA,NA,NA,NA,NA,NA,NA,NA,NA,NA,NA,NA,NA,NA,yes
Atascadero Creek,AC_12,2025-07-29T00:00:00Z,"Santiago Lupi, Toby Fowler",08:46:00,08:51:00,Hairy Woodpecker,C,25,C,NA,NA,NA,NA,NA,NA,NA,NA,NA,NA,NA,NA,NA,NA,NA,NA,NA,NA,NA,NA,NA,NA,yes
Atascadero Creek,AC_12,2025-07-29T00:00:00Z,"Santiago Lupi, Toby Fowler",08:46:00,08:51:00,Wrentit,S,30,S,NA,NA,NA,NA,NA,NA,NA,NA,NA,NA,NA,NA,NA,NA,NA,NA,NA,NA,NA,NA,NA,NA,yes
Atascadero Creek,AC_12,2025-07-29T00:00:00Z,"Santiago Lupi, Toby Fowler",08:46:00,08:51:00,Green Heron,F,20,F,NA,NA,NA,NA,NA,NA,NA,NA,NA,NA,NA,NA,NA,NA,NA,NA,NA,NA,NA,NA,NA,NA,yes
Atascadero Creek,AC_12,2025-07-29T00:00:00Z,"Santiago Lupi, Toby Fowler",08:46:00,08:51:00,Oak Titmouse,C,20,C,NA,NA,NA,NA,NA,NA,NA,NA,NA,NA,NA,NA,NA,NA,NA,NA,NA,NA,NA,NA,NA,NA,yes
Atascadero Creek,AC_10,2025-07-29T00:00:00Z,Santiago Lupi,09:01:00,09:06:00,American Crow,C,30,C,NA,NA,NA,NA,NA,NA,NA,NA,67,1,NA,NA,NA,NA,NA,75,NA,100,0,NA,NA,NA,NA
Atascadero Creek,AC_10,2025-07-29T00:00:00Z,Santiago Lupi,09:01:00,09:06:00,Oak Titmouse,C,5,C,NA,NA,NA,NA,NA,NA,NA,NA,NA,NA,NA,NA,NA,NA,NA,NA,NA,NA,NA,NA,NA,NA,NA
Atascadero Creek,AC_10,2025-07-29T00:00:00Z,Santiago Lupi,09:01:00,09:06:00,Anna's Hummingbird,S,10,S,NA,NA,NA,NA,NA,NA,NA,NA,NA,NA,NA,NA,NA,NA,NA,NA,NA,NA,NA,NA,NA,NA,NA
Atascadero Creek,AC_10,2025-07-29T00:00:00Z,Santiago Lupi,09:01:00,09:06:00,Oak Titmouse,S,20,S,NA,NA,NA,NA,NA,NA,NA,NA,NA,NA,NA,NA,NA,NA,NA,NA,NA,NA,NA,NA,NA,NA,NA
Atascadero Creek,AC_10,2025-07-29T00:00:00Z,Santiago Lupi,09:01:00,09:06:00,Black Phoebe,V,67,C,NA,NA,NA,NA,NA,NA,NA,NA,NA,NA,NA,NA,NA,NA,NA,NA,NA,NA,NA,NA,NA,NA,NA
Atascadero Creek,AC_10,2025-07-29T00:00:00Z,Santiago Lupi,09:01:00,09:06:00,Bewick's Wren,S,10,S,NA,NA,NA,NA,NA,NA,NA,NA,NA,NA,NA,NA,NA,NA,NA,NA,NA,NA,NA,NA,NA,NA,NA
Atascadero Creek,AC_10,2025-07-29T00:00:00Z,Santiago Lupi,09:01:00,09:06:00,House Sparrow,C,30,C,NA,NA,NA,NA,NA,NA,NA,NA,NA,NA,NA,NA,NA,NA,NA,NA,NA,NA,NA,NA,NA,NA,NA
Atascadero Creek,AC_10,2025-07-29T00:00:00Z,Santiago Lupi,09:01:00,09:06:00,Hutton's Vireo,C,10,C,NA,NA,NA,NA,NA,NA,NA,NA,NA,NA,NA,NA,NA,NA,NA,NA,NA,NA,NA,NA,NA,NA,NA
Atascadero Creek,AC_10,2025-07-29T00:00:00Z,Santiago Lupi,09:01:00,09:06:00,Mourning Dove,S,30,S,NA,NA,NA,NA,NA,NA,NA,NA,NA,NA,NA,NA,NA,NA,NA,NA,NA,NA,NA,NA,NA,NA,NA
Atascadero Creek,AC_10,2025-07-29T00:00:00Z,Santiago Lupi,09:01:00,09:06:00,Oak Titmouse,S,14,V,NA,NA,NA,NA,NA,NA,NA,NA,NA,NA,NA,NA,NA,NA,NA,NA,NA,NA,NA,NA,NA,NA,yes
Atascadero Creek,AC_10,2025-07-29T00:00:00Z,Santiago Lupi,09:01:00,09:06:00,Dark-eyed Junco,C,15,C,NA,NA,NA,NA,NA,NA,NA,NA,NA,NA,NA,NA,NA,NA,NA,NA,NA,NA,NA,NA,NA,NA,yes
Atascadero Creek,AC_05,2025-07-29T00:00:00Z,Santiago Lupi,09:20:00,09:26:00,Song Sparrow,S,15,S,NA,NA,NA,NA,NA,NA,NA,NA,67,2,NA,NA,NA,NA,NA,79,NA,100,0,NA,NA,NA,NA
Atascadero Creek,AC_05,2025-07-29T00:00:00Z,Santiago Lupi,09:20:00,09:26:00,House Finch,C,20,C,NA,NA,NA,NA,NA,NA,NA,NA,NA,NA,NA,NA,NA,NA,NA,NA,NA,NA,NA,NA,NA,NA,NA
Atascadero Creek,AC_05,2025-07-29T00:00:00Z,Santiago Lupi,09:20:00,09:26:00,Mourning Dove,S,30,S,NA,NA,NA,NA,NA,NA,NA,NA,NA,NA,NA,NA,NA,NA,NA,NA,NA,NA,NA,NA,NA,NA,NA
Atascadero Creek,AC_05,2025-07-29T00:00:00Z,Santiago Lupi,09:20:00,09:26:00,Chestnut-backed Chickadee,S,10,S,NA,NA,salix lasiolepis,NA,NA,NA,NA,NA,NA,NA,NA,NA,NA,NA,NA,NA,NA,NA,NA,NA,NA,NA,NA
Atascadero Creek,AC_05,2025-07-29T00:00:00Z,Santiago Lupi,09:20:00,09:26:00,Chestnut-backed Chickadee,C,NA,C,NA,NA,salix lasiolepis,NA,NA,NA,NA,NA,NA,NA,NA,NA,NA,NA,NA,NA,NA,NA,NA,NA,NA,NA,NA
Atascadero Creek,AC_05,2025-07-29T00:00:00Z,Santiago Lupi,09:20:00,09:26:00,Bushtit,V,10,V,NA,NA,NA,NA,NA,NA,NA,NA,NA,NA,NA,NA,NA,NA,NA,NA,NA,NA,NA,NA,NA,NA,NA
Atascadero Creek,AC_05,2025-07-29T00:00:00Z,Santiago Lupi,09:20:00,09:26:00,Bushtit,V,10,V,NA,NA,NA,NA,NA,NA,NA,NA,NA,NA,NA,NA,NA,NA,NA,NA,NA,NA,NA,NA,NA,NA,yes
Atascadero Creek,AC_05,2025-07-29T00:00:00Z,Santiago Lupi,09:20:00,09:26:00,Hooded Oriole,C,20,C,NA,NA,NA,NA,NA,NA,NA,NA,NA,NA,NA,NA,NA,NA,NA,NA,NA,NA,NA,NA,NA,NA,yes
Atascadero Creek,AC_02,2025-07-29T00:00:00Z,Santiago Lupi,10:20:00,10:25:00,Scaly-breasted Munia,C,20,C,NA,NA,NA,NA,NA,NA,NA,NA,69,2,NA,NA,NA,NA,NA,74,NA,40,0,NA,NA,NA,NA
Atascadero Creek,AC_02,2025-07-29T00:00:00Z,Santiago Lupi,10:20:00,10:25:00,California Scrub-Jay,C,30,C,NA,NA,NA,NA,NA,NA,NA,NA,NA,NA,NA,NA,NA,NA,NA,NA,NA,NA,NA,NA,NA,NA,NA
Atascadero Creek,AC_02,2025-07-29T00:00:00Z,Santiago Lupi,10:20:00,10:25:00,Song Sparrow,S,20,S,NA,NA,NA,NA,NA,NA,NA,NA,NA,NA,NA,NA,NA,NA,NA,NA,NA,NA,NA,NA,NA,NA,NA
Atascadero Creek,AC_02,2025-07-29T00:00:00Z,Santiago Lupi,10:20:00,10:25:00,House Finch,C,20,C,NA,NA,NA,NA,NA,NA,NA,NA,NA,NA,NA,NA,NA,NA,NA,NA,NA,NA,NA,NA,NA,NA,NA
Atascadero Creek,AC_02,2025-07-29T00:00:00Z,Santiago Lupi,10:20:00,10:25:00,Yellow Warbler,S,20,S,NA,NA,NA,NA,NA,NA,NA,NA,NA,NA,NA,NA,NA,NA,NA,NA,NA,NA,NA,NA,NA,NA,NA
Atascadero Creek,AC_02,2025-07-29T00:00:00Z,Santiago Lupi,10:20:00,10:25:00,Bushtit,C,20,C,NA,NA,NA,NA,NA,NA,NA,NA,NA,NA,NA,NA,NA,NA,NA,NA,NA,NA,NA,NA,NA,NA,NA
Atascadero Creek,AC_02,2025-07-29T00:00:00Z,Santiago Lupi,10:20:00,10:25:00,Orange-crowned Warbler,C,15,C,NA,NA,NA,NA,NA,NA,NA,NA,NA,NA,NA,NA,NA,NA,NA,NA,NA,NA,NA,NA,NA,NA,NA
Atascadero Creek,AC_02,2025-07-29T00:00:00Z,Santiago Lupi,10:20:00,10:25:00,Common Yellowthroat,C,20,C,NA,NA,NA,NA,NA,NA,NA,NA,NA,NA,NA,NA,NA,NA,NA,NA,NA,NA,NA,NA,NA,NA,NA
Atascadero Creek,AC_02,2025-07-29T00:00:00Z,Santiago Lupi,10:20:00,10:25:00,House Finch,F,25,C,NA,NA,NA,NA,NA,NA,NA,NA,NA,NA,NA,NA,NA,NA,NA,NA,NA,NA,NA,NA,NA,NA,NA
Ellwood,EW_01,2025-07-30T00:00:00Z,"Santiago Lupi, Toby Fowler",08:45:00,08:50:00,Yellow Warbler,S,20,S,NA,NA,NA,NA,NA,NA,NA,NA,65,1,NA,NA,NA,NA,NA,77,NA,0,0,NA,NA,NA,NA
Ellwood,EW_01,2025-07-30T00:00:00Z,"Santiago Lupi, Toby Fowler",08:45:00,08:50:00,Orange-crowned Warbler,C,5,C,NA,NA,NA,NA,NA,NA,NA,NA,NA,NA,NA,NA,NA,NA,NA,NA,NA,NA,NA,NA,NA,NA,NA
Ellwood,EW_01,2025-07-30T00:00:00Z,"Santiago Lupi, Toby Fowler",08:45:00,08:50:00,California Towhee,C,10,C,NA,NA,NA,NA,NA,NA,NA,NA,NA,NA,NA,NA,NA,NA,NA,NA,NA,NA,NA,NA,NA,NA,NA
Ellwood,EW_01,2025-07-30T00:00:00Z,"Santiago Lupi, Toby Fowler",08:45:00,08:50:00,Spotted Towhee,C,20,C,NA,NA,NA,NA,NA,NA,NA,NA,NA,NA,NA,NA,NA,NA,NA,NA,NA,NA,NA,NA,NA,NA,NA
Ellwood,EW_01,2025-07-30T00:00:00Z,"Santiago Lupi, Toby Fowler",08:45:00,08:50:00,Common Yellowthroat,C,10,C,NA,NA,NA,NA,NA,NA,NA,NA,NA,NA,NA,NA,NA,NA,NA,NA,NA,NA,NA,NA,NA,NA,NA
Ellwood,EW_01,2025-07-30T00:00:00Z,"Santiago Lupi, Toby Fowler",08:45:00,08:50:00,Downy Woodpecker,C,10,C,NA,NA,NA,NA,NA,NA,NA,NA,NA,NA,NA,NA,NA,NA,NA,NA,NA,NA,NA,NA,NA,NA,NA
Ellwood,EW_01,2025-07-30T00:00:00Z,"Santiago Lupi, Toby Fowler",08:45:00,08:50:00,Western Tanager,C,25,C,NA,NA,NA,NA,NA,NA,NA,NA,NA,NA,NA,NA,NA,NA,NA,NA,NA,NA,NA,NA,NA,NA,NA
Ellwood,EW_01,2025-07-30T00:00:00Z,"Santiago Lupi, Toby Fowler",08:45:00,08:50:00,White-breasted Nuthatch,C,40,C,NA,NA,NA,NA,NA,NA,NA,NA,NA,NA,NA,NA,NA,NA,NA,NA,NA,NA,NA,NA,NA,NA,yes
Ellwood,EW_01,2025-07-30T00:00:00Z,"Santiago Lupi, Toby Fowler",08:45:00,08:50:00,Western Flycatcher,C,20,C,NA,NA,NA,NA,NA,NA,NA,NA,NA,NA,NA,NA,NA,NA,NA,NA,NA,NA,NA,NA,NA,NA,yes
Ellwood,EW_09,2025-07-30T00:00:00Z,Santiago Lupi,09:12:00,09:17:00,Great Horned Owl,V,26,V,NA,NA,NA,NA,NA,NA,NA,NA,67,1,NA,NA,NA,NA,NA,74,NA,0,0,NA,NA,chainsaw noises throughout,NA
Ellwood,EW_09,2025-07-30T00:00:00Z,Santiago Lupi,09:12:00,09:17:00,California Towhee,V,27,V,NA,NA,NA,NA,NA,NA,NA,NA,NA,NA,NA,NA,NA,NA,NA,NA,NA,NA,NA,NA,NA,NA,NA
Ellwood,EW_09,2025-07-30T00:00:00Z,Santiago Lupi,09:12:00,09:17:00,Bushtit,C,15,C,NA,NA,NA,NA,NA,NA,NA,NA,NA,NA,NA,NA,NA,NA,NA,NA,NA,NA,NA,NA,NA,NA,NA
Ellwood,EW_09,2025-07-30T00:00:00Z,Santiago Lupi,09:12:00,09:17:00,Song Sparrow,V,45.5,V,NA,NA,NA,NA,NA,NA,NA,NA,NA,NA,NA,NA,NA,NA,NA,NA,NA,NA,NA,NA,NA,NA,NA
Ellwood,EW_09,2025-07-30T00:00:00Z,Santiago Lupi,09:12:00,09:17:00,California Towhee,V,45.5,V,NA,NA,NA,NA,NA,NA,NA,NA,NA,NA,NA,NA,NA,NA,NA,NA,NA,NA,NA,NA,NA,NA,NA
Ellwood,EW_09,2025-07-30T00:00:00Z,Santiago Lupi,09:12:00,09:17:00,Bewick's Wren,V,11,V,NA,NA,NA,NA,NA,NA,NA,NA,NA,NA,NA,NA,NA,NA,NA,NA,NA,NA,NA,NA,NA,NA,yes
Ellwood,EW_08,2025-07-30T00:00:00Z,Santiago Lupi,09:38:00,09:43:00,White-throated Swift,F,80,C,NA,NA,NA,NA,NA,NA,NA,NA,67,2,NA,NA,NA,NA,NA,76,NA,0,0,NA,NA,NA,NA
Ellwood,EW_08,2025-07-30T00:00:00Z,Santiago Lupi,09:38:00,09:43:00,Hutton's Vireo,C,40,C,NA,NA,NA,NA,NA,NA,NA,NA,NA,NA,NA,NA,NA,NA,NA,NA,NA,NA,NA,NA,NA,NA,NA
Ellwood,EW_08,2025-07-30T00:00:00Z,Santiago Lupi,09:38:00,09:43:00,Barn Swallow,C,30,C,NA,NA,NA,NA,NA,NA,NA,NA,NA,NA,NA,NA,NA,NA,NA,NA,NA,NA,NA,NA,NA,NA,NA
Ellwood,EW_08,2025-07-30T00:00:00Z,Santiago Lupi,09:38:00,09:43:00,Acorn Woodpecker,C,50,C,NA,NA,NA,NA,NA,NA,NA,NA,NA,NA,NA,NA,NA,NA,NA,NA,NA,NA,NA,NA,NA,NA,NA
Ellwood,EW_08,2025-07-30T00:00:00Z,Santiago Lupi,09:38:00,09:43:00,Dark-eyed Junco,V,6,V,NA,NA,NA,NA,NA,NA,NA,NA,NA,NA,NA,NA,NA,NA,NA,NA,NA,NA,NA,NA,NA,NA,NA
Ellwood,EW_08,2025-07-30T00:00:00Z,Santiago Lupi,09:38:00,09:43:00,House Finch,C,20,C,NA,NA,NA,NA,NA,NA,NA,NA,NA,NA,NA,NA,NA,NA,NA,NA,NA,NA,NA,NA,NA,NA,NA
Ellwood,EW_08,2025-07-30T00:00:00Z,Santiago Lupi,09:38:00,09:43:00,Cliff Swallow,V,80,F,NA,NA,NA,NA,NA,NA,NA,NA,NA,NA,NA,NA,NA,NA,NA,NA,NA,NA,NA,NA,NA,NA,NA
Ellwood,EW_08,2025-07-30T00:00:00Z,Santiago Lupi,09:38:00,09:43:00,California Towhee,C,40,C,NA,NA,NA,NA,NA,NA,NA,NA,NA,NA,NA,NA,NA,NA,NA,NA,NA,NA,NA,NA,NA,NA,yes
Ellwood,EW_08,2025-07-30T00:00:00Z,Santiago Lupi,09:38:00,09:43:00,Yellow Warbler,S,40,S,NA,NA,NA,NA,NA,NA,NA,NA,NA,NA,NA,NA,NA,NA,NA,NA,NA,NA,NA,NA,NA,NA,yes
Ellwood,EW_08,2025-07-30T00:00:00Z,Santiago Lupi,09:38:00,09:43:00,Allen's Hummingbird,C,30,C,NA,NA,NA,NA,NA,NA,NA,NA,NA,NA,NA,NA,NA,NA,NA,NA,NA,NA,NA,NA,NA,NA,yes
Ellwood,EW_03,2025-07-30T00:00:00Z,Santiago Lupi,10:05:00,10:10:00,Hooded Oriole,C,20,C,NA,NA,NA,NA,NA,NA,NA,NA,67,2,NA,NA,NA,NA,NA,76,NA,0,0,NA,NA,NA,NA
Ellwood,EW_03,2025-07-30T00:00:00Z,Santiago Lupi,10:05:00,10:10:00,Western Flycatcher,C,15,C,NA,NA,NA,NA,NA,NA,NA,NA,NA,NA,NA,NA,NA,NA,NA,NA,NA,NA,NA,NA,NA,NA,NA
Ellwood,EW_03,2025-07-30T00:00:00Z,Santiago Lupi,10:05:00,10:10:00,Chestnut-backed Chickadee,S,15,S,NA,NA,NA,NA,NA,NA,NA,NA,NA,NA,NA,NA,NA,NA,NA,NA,NA,NA,NA,NA,NA,NA,NA
Ellwood,EW_03,2025-07-30T00:00:00Z,Santiago Lupi,10:05:00,10:10:00,White-breasted Nuthatch,C,30,C,NA,NA,NA,NA,NA,NA,NA,NA,NA,NA,NA,NA,NA,NA,NA,NA,NA,NA,NA,NA,NA,NA,NA
Ellwood,EW_03,2025-07-30T00:00:00Z,Santiago Lupi,10:05:00,10:10:00,Hooded Oriole,C,20,C,NA,NA,NA,NA,NA,NA,NA,NA,NA,NA,NA,NA,NA,NA,NA,NA,NA,NA,NA,NA,NA,NA,NA
Ellwood,EW_03,2025-07-30T00:00:00Z,Santiago Lupi,10:05:00,10:10:00,House Finch,C,20,C,NA,NA,NA,NA,NA,NA,NA,NA,NA,NA,NA,NA,NA,NA,NA,NA,NA,NA,NA,NA,NA,NA,NA
Ellwood,EW_03,2025-07-30T00:00:00Z,Santiago Lupi,10:05:00,10:10:00,Orange-crowned Warbler,V,5,V,NA,NA,NA,NA,NA,NA,NA,NA,NA,NA,NA,NA,NA,NA,NA,NA,NA,NA,NA,NA,NA,NA,yes
Ellwood,EW_03,2025-07-30T00:00:00Z,Santiago Lupi,10:05:00,10:10:00,Scaly-breasted Munia,C,20,C,NA,NA,NA,NA,NA,NA,NA,NA,NA,NA,NA,NA,NA,NA,NA,NA,NA,NA,NA,NA,NA,NA,yes
